"{""Light"":{""Led410Enable"":true;""Led470Enable"":true;""Led560Enable"":false;""Led410Value"":15.0;""Led470Value"":45.0;""Led560Value"":0.0};""Excitation"":{""mode"":1;""discontinuous"":true;""interval_time"":1200;""continuous_time"":120};""Channels"":[{""Name"":""CH1"";""ChanelColor"":""#00000000"";""Roi1"":""0;0;90;90"";""Roi2"":""0;0;90;90""}};{""Name"":""CH2"";""ChanelColor"":""#00000000"";""Roi1"":""0;0;90;90"";""Roi2"":""0;0;90;90""}}];""Fps"":10.0}",,,,,
TimeStamp,Events,CH1-410,CH1-470,CH2-410,CH2-470
0.0,,242.6275922271272,257.7045843544193,245.58532407926177,253.1490128649446
0.1,,241.53807770813984,256.8614688140829,245.59106817438663,254.80052397577563
0.2,,241.42091785154844,257.4490694609033,243.81099724255705,253.72332764815968
0.3,,242.34169494250006,258.8821002365603,246.33455024282597,256.6202381992637
0.4,,242.51199478473387,257.721000681836,245.55076873281917,256.11482924566997
0.5,,241.38943703776164,255.421224771054,245.63110381253242,254.72629940917608
0.6,,241.75195325738073,256.0402953682648,245.5609999266186,254.95799067490196
0.7,,241.77981697776136,256.3385416115365,246.11506724237879,256.60590389991216
0.8,,241.79480069861128,257.58004852685235,245.10608622456206,254.2425172658801
0.9,,242.06945869572047,255.99594779682016,245.36942517918257,253.86202478752205
1.0,,241.72344697299852,256.9410820254955,244.96734974722906,255.94143136776694
1.1,,242.19723617585302,258.69400846365073,245.7313932978948,254.34657804612075
1.2,,241.93717064406582,257.8218003286294,244.57118374658717,254.10642672350684
1.3,,241.8642710871342,258.8344978085658,245.5219992535588,254.5679956958833
1.4,,242.41084274081464,258.07013784167435,243.9995750936619,253.37425013365055
1.5,,241.738749880824,257.3361966620371,245.53911936535664,253.64349484697067
1.6,,242.59156359137882,258.6340308961391,245.41880279789933,255.93471782558498
1.7,,242.26327952807816,258.13734942225864,246.58384853331762,256.26232661557
1.8,,242.67267152180207,258.479942548659,245.31210595046633,254.05067374893346
1.9,,242.99073020171946,259.4936392065919,246.5701602407153,256.29499834480737
2.0,,242.51537227150655,258.0136520943532,246.17993493953713,255.84315415919673
2.1,,242.29883103098047,257.77954622472595,245.78993376011937,254.96007067317166
2.2,,243.371972359931,260.33761665013907,246.6542978576248,255.56147437396694
2.3,,241.6380036302265,257.4979941052991,244.91843028410597,254.44529474196634
2.4,,242.23610358241237,259.02291911236296,244.93308279781024,253.0023599915061
2.5,,241.85013467164373,257.86361931867845,244.93896352585332,253.8416458230236
2.6,,242.27258062381287,258.77639833769126,245.82355533578374,255.37249109392016
2.7,,242.2603843166819,258.05996178735955,244.89077343756801,254.68294838017482
2.8,,242.32676188636327,256.88998711891287,245.39351518932543,254.85441481025828
2.9,,240.66840653518378,256.9617815084177,244.91319176863806,255.2849078351246
3.0,,240.71362702009893,257.06219744374397,245.2127322994594,255.76792703411985
3.1,,240.83298532275808,255.13949358251548,244.9553588805433,254.3391852654979
3.2,,240.30046412765512,255.50367877229272,244.31235701101568,254.0673700856378
3.3,,241.48990000208295,258.07188157229837,244.93602853112392,254.4053476083847
3.4,,240.75015366660344,257.48144630966914,244.34919422954331,252.93538764636955
3.5,,241.24747791545911,257.1496170477667,244.473242406134,253.78383856822373
3.6,,241.88098126611249,257.1162487794272,244.6254442591567,253.03200702864365
3.7,,240.9534579069923,256.0536273815944,244.79236805052216,254.63101083452864
3.8,,240.9058821903052,255.71818701628527,244.396069600405,255.25237672433855
3.9,,241.30202063317392,256.12503578895877,244.55095520189727,254.6009874140226
4.0,,241.2630949023045,256.69385585747204,244.73741121095665,254.20310404118842
4.1,,241.20378177885712,256.8372688812245,244.31491177584408,252.78884587083513
4.2,,241.27582812060055,256.4124565406078,244.19367564902836,254.38818096242025
4.3,,242.14250033222294,257.7153612765131,244.862716654941,253.00923738435225
4.4,,241.70422278261327,256.6997983214636,245.092025709372,255.02715767546601
4.5,,240.8703730471693,255.67730974909793,244.5743559827637,254.03400418577237
4.6,,241.23522462863195,256.7597582099413,244.78217129436868,253.70731420057444
4.7,,240.6772566502652,256.1835943568049,244.86523143623646,254.4195027583201
4.8,,240.8848590181069,255.50027912847477,244.67307520366478,254.21079211633233
4.9,,241.26421761198338,256.4044065972918,243.53181185268585,252.93655555301098
5.0,,240.8230038201317,256.07482091648785,244.53750887611702,253.47506468903472
5.1,,240.71614764632662,256.8343423392575,244.52530940289475,254.23840590365606
5.2,,240.79502230743014,255.5086576865371,244.3077313978099,252.62657848749643
5.3,,240.40832555442142,256.6542894505131,244.30535464857417,254.58172413224833
5.4,,241.00069402561778,256.51024166715564,243.938969946722,253.12334568445945
5.5,,240.66452363554296,261.8360112719399,244.06886975833993,253.49732442513016
5.6,,241.18289828435925,263.62139442651744,243.6144954482201,251.69687978469523
5.7,,240.8457336589238,262.97106865902265,245.21550386195136,255.03506294450182
5.8,,239.64836591842013,261.4193565636001,243.7970088263003,253.08231877875556
5.9,,241.75806282919265,262.2320784416518,244.7105486889811,255.61928539161485
6.0,,240.58704870511937,263.13376335475823,244.33644929183282,253.86922039965762
6.1,,241.52414814694492,262.8003314806741,244.57797943200708,254.09484060507683
6.2,,240.77147061068388,259.8513956197229,244.00454409304902,253.1850572775906
6.3,,241.3460634406855,261.6989701040391,244.66142305852597,253.5422136969197
6.4,,241.9473924696953,260.9025493041896,244.0406185516805,253.77021273526242
6.5,,240.4862417972039,261.0034053604128,245.0021294337968,254.3445022665535
6.6,,240.92968626979732,258.5091291645262,244.47372420435528,253.28951024795433
6.7,,241.2044190156319,264.70487729236555,244.39335272473778,254.75263180737136
6.8,,240.4160018463388,264.6683667536964,244.2363357249612,253.41303290263602
6.9,,239.63632503016214,264.8873978752557,243.93307814192144,255.70206302658414
7.0,,240.40396694953844,264.0027900123653,243.87666699453823,254.44743281566272
7.1,,239.72347035586338,264.7463176628226,243.12213438747023,252.7211142085353
7.2,,240.16386016935374,263.0560710752422,242.80441248021083,253.38141418609138
7.3,,239.93510636589238,263.0004680152298,244.04660529736094,252.90141986343195
7.4,,241.55625582730872,265.05633276002976,244.06280053561485,253.3979560837927
7.5,,239.26411985378516,261.7239555928953,243.06579885431577,251.9674673303981
7.6,,240.3314213609482,262.3361198638203,244.10566769189566,253.27858371615324
7.7,,240.73300584843693,261.4854959423947,244.15641836245635,254.4331478070627
7.8,,241.1508283705604,261.2435995642844,244.19148669341118,253.1371701905226
7.9,,240.45918113811499,261.0876153448412,243.42549350279484,252.79992750862826
8.0,,240.61362613133832,261.66619951703376,243.62407454638574,253.5541590272209
8.1,,240.37611073937995,260.48437187936815,244.0267758581069,251.0316650021056
8.2,,240.55143297896026,259.28022877685066,243.70817653361348,252.94655347806585
8.3,,240.13617369371877,258.50685088640995,243.5528567468856,253.10424585638492
8.4,,241.3466391267671,261.4468884370479,244.319512689435,254.7798641046816
8.5,,240.6455792761793,257.4277122524536,243.53260886903155,253.61182929043125
8.6,,240.54580982077027,257.5013352960028,243.2276048255027,252.1863278635604
8.7,,240.66681742782876,259.52044583403443,243.67391011909925,254.55514452667762
8.8,,239.03101658180603,256.575967240669,242.78118234984493,253.23832119264577
8.9,,239.9720510201371,257.3308666584586,243.81975362769307,253.3422765252003
9.0,,240.38092402055446,258.249359526263,243.2519270312823,251.84624894304594
9.1,,240.29996204931126,256.3504887183363,243.7390586125545,252.42995441168588
9.2,,239.7436213466941,258.07488564030837,243.37165502976046,253.42304170190906
9.3,,241.05843138134205,257.4395651135754,244.39504647636733,252.54701499968616
9.4,,239.5728571216741,256.1382180237646,243.90977055749576,254.6079297138385
9.5,,240.28748339145852,256.58869310816675,243.31494825137662,251.69392862473742
9.6,,240.7880612627863,256.70719610936817,244.03740319065622,253.31815297024727
9.7,,240.27411312659473,258.36092309607204,245.02824874466182,254.01826341488663
9.8,,239.72860858643477,257.40811917331564,243.63288155049997,252.81105757646705
9.9,,239.38579332427878,254.9548035537141,243.66520284213348,252.54093482598833
10.0,,240.04974230323725,256.69836019835515,243.19447675730274,251.85505707470512
10.1,,240.02441911448093,257.6066934011484,244.41121430402504,254.7061426875744
10.2,,239.6309074382973,255.5333967160392,243.23653052848354,251.71457736228055
10.3,,240.2309702937566,255.12897910084737,243.15726491645827,253.93200926578095
10.4,,240.06408032877266,256.23992399373327,243.45189296833155,252.30273703599255
10.5,,239.31954273486946,254.64292028795003,242.02647773912614,251.47713321364654
10.6,,239.7577623952518,254.84851505643448,243.76531849799144,254.21882662520593
10.7,,239.4818097835926,255.8353989770011,242.4550912964355,253.10254511545344
10.8,,239.50647323211646,255.5203769263677,243.020193913985,253.68473400194557
10.9,,239.97926543035558,254.7359666609954,243.6567431513484,253.0396848004081
11.0,,240.16362764862276,255.7688250475783,242.76415184152805,253.43471365898182
11.1,,240.71074367637465,255.7497420084197,243.88107773410812,253.0597287534617
11.2,,240.29320498023625,256.0737584296272,243.85404368576926,252.03071685710515
11.3,,240.14826132475426,255.33335360132313,243.6502223161776,258.4649113019904
11.4,,239.6992191512563,256.4163174050255,243.95098157783235,259.2399943090703
11.5,,241.2143832803058,257.5295670390872,244.62547347464243,261.9589012397084
11.6,,240.61000691206908,257.06310508537473,243.5477522636193,260.2598414679387
11.7,,240.25151343964265,255.65717099077636,243.40134100384617,259.20088192740917
11.8,,240.76710660326268,257.326482499463,244.8114619796389,259.1024927662483
11.9,,240.4758200732357,257.6271353614809,244.19841306727747,259.67853635050363
12.0,,240.1819428363462,256.99287722201126,243.6500219841316,258.14849393748096
12.1,,240.05358827090217,256.84424377846796,243.49148246597505,255.61427449633305
12.2,,239.30610261375597,254.76097330012976,242.9787495988308,256.17866748115296
12.3,,239.44868124450662,255.3184782569831,242.9079355986524,256.89709132667883
12.4,,240.2679172279363,257.17860718524395,242.46468772773193,256.2608461145082
12.5,,240.27747827899591,255.6412103497346,243.63526502236124,255.49490291339
12.6,,239.57125299343568,254.8579649080709,242.78649498130446,257.0657371765374
12.7,,239.00281449692548,253.8784691169647,242.4630492586682,253.4308222113379
12.8,,240.29623903134697,256.97614777199004,243.54208449343182,255.1002507122353
12.9,,240.1801045643995,257.8949350065354,243.81398511893838,254.80773722727866
13.0,,239.9944203710145,255.23410226963512,243.742658656337,256.46497164094956
13.1,,239.59478979321966,255.71243231685378,243.6832499490479,255.00568624217692
13.2,,240.47936976834964,257.1877104948488,243.8832829786467,254.93593696621434
13.3,,238.75173546689845,255.00064737559012,242.46986987049726,263.8922825359073
13.4,,238.90017477963988,254.74216128156763,242.13448629297798,266.97891880681664
13.5,,239.57011642254773,256.0248472539969,243.40705089111614,268.0895284982489
13.6,,239.4174695623394,255.14472490756225,243.01073456953134,267.0103337176083
13.7,,240.1326446604754,255.40793103025229,243.69852393722397,266.0982359536944
13.8,,239.76277916923806,254.3255592310625,243.46708828344435,265.56745467753746
13.9,,239.95380645142924,255.43744403662254,242.73911978279241,265.49391207347855
14.0,,239.60671251725503,254.37966714255677,242.8173036488593,264.9120528509552
14.1,,239.85597502793098,255.75430937385144,243.85853109284378,264.12001947821756
14.2,,239.5987901986301,255.5183790206199,242.67816827015102,259.9764469255241
14.3,,239.2320618786682,255.938811914188,242.51091478447628,264.38151392748773
14.4,,239.70435395411286,254.04632216547918,243.05485516157702,264.2446501137206
14.5,,239.33787830998045,255.38498893922994,242.88960363572315,264.79920917172814
14.6,,240.0858972229682,257.1192354035251,243.43113281327368,264.55457852053496
14.7,,239.85818956327213,256.69072878601895,243.07240318284755,264.48937604582727
14.8,,239.31012320208072,254.57521744315494,242.46127904063212,261.1118879077454
14.9,,240.48410367344388,255.84788778775257,242.71310073529432,261.69779180194735
15.0,,238.8844654230565,254.4001602960336,242.1076431316482,260.96231177289394
15.1,,239.6159544072273,255.54118114216246,242.50161742464527,260.03709876657115
15.2,,239.3181333161582,254.8389789270315,243.37495698070103,260.33917422043316
15.3,,240.2370527535372,256.4189064519133,243.34092156357283,257.74169870555477
15.4,,239.40403991964973,254.89655115359767,242.87067859768,258.40798095405194
15.5,,238.8861579553676,253.56755549384312,242.7947256455815,259.2041199275656
15.6,,239.99749765744787,256.33362363748194,243.66704920180516,257.36880744842153
15.7,,239.18774280537497,253.8157781832383,243.2700754426777,256.92044870955965
15.8,,239.39901631957133,254.6926050155661,243.1933563018979,256.72015741403067
15.9,,239.79915459222528,265.16924077938086,243.5765477567244,257.33177444098715
16.0,,239.58908764401968,269.8547488102534,242.9255808299581,255.59177155274378
16.1,,239.25449363864294,268.431155000345,242.41083721580975,255.84912718798535
16.2,,239.54572841197387,268.0612845057307,243.3238626724509,255.59693379460518
16.3,,240.17190818232663,268.95579028949453,243.89798193930454,255.89203304544316
16.4,,240.5041711032645,267.53786434989183,242.85915448930248,255.05516310955736
16.5,,238.589786178676,264.2595269359329,242.7874033428015,254.72759554359195
16.6,,240.74583138419695,266.0632294317303,243.07285304255385,254.92003273649797
16.7,,239.4655117940805,265.1473404413975,242.82351671554594,254.64736944451067
16.8,,240.64205271464147,272.64107810227046,243.13615160695647,256.4423815332446
16.9,,239.74899574838864,274.91188629721995,243.45738851151387,254.57275154778375
17.0,,239.53516630856797,274.37154648108765,243.63691544898933,254.12574935383424
17.1,,240.21403635063328,273.7886664972345,244.29488683065526,256.6752222609916
17.2,,239.3804857517443,272.55517230586963,242.78800151615414,252.73068360344206
17.3,,240.7310836819699,273.3345276980801,244.3971855451564,256.1087334893298
17.4,,240.99765852135596,272.12192218147334,243.76929267118982,254.8311650590788
17.5,,240.4787472675273,269.66588531218343,244.87929442525964,262.4215821640525
17.6,,240.31066761550508,267.91101311110714,243.24748458193892,262.0665655104367
17.7,,240.0871023726477,268.2406402960603,244.0984818360271,262.9778793778834
17.8,,241.5407894264393,268.3519054093721,244.83321769046572,263.1032327817946
17.9,,240.49938295825598,266.86417489606305,243.2304143254367,260.0372820972012
18.0,,241.37219644701275,265.93814011353066,244.38303637640186,259.560234335156
18.1,,241.47411777232966,265.92257082364654,244.6699770462021,260.5020130619381
18.2,,240.61840718747908,263.620302506479,244.62362753994944,259.94856491328073
18.3,,241.01536988284738,265.95195654552253,244.00704774881783,260.2123577424591
18.4,,239.6762438051962,261.22613372580315,243.35271735176295,257.42636391752995
18.5,,240.28980309916741,262.22238302506537,243.5431587829784,258.11668945170953
18.6,,239.67001962956712,259.7196492716916,243.32964100258556,256.0358786882614
18.7,,240.8216884473097,262.1944953010153,243.89681992774172,257.9755539805191
18.8,,239.9012421873746,266.93059357991206,244.96943550727207,258.76846814843657
18.9,,239.89342209705873,267.25947383109803,243.4315941669843,255.98613359832862
19.0,,239.7867421939581,268.2783458432429,243.1571990247873,256.4733495944938
19.1,,240.0260750495176,267.19072758162457,243.0997511735946,254.77914094510777
19.2,,240.64477533172817,266.9330895973829,243.82331407819296,256.1332252409484
19.3,,240.6534047750032,267.41835500456534,243.44803558375864,254.98977588855806
19.4,,240.21882968167367,265.1301344523681,244.35136282703755,256.1655178889729
19.5,,239.91046804228066,265.34358643526156,243.30084610593264,254.60644632808916
19.6,,240.57773925453526,264.50642444129227,243.4494938540526,254.3527722355178
19.7,,240.08929622910824,263.70759703901075,243.15329688035507,255.2529336616779
19.8,,240.18670578877766,262.06737555243154,243.4536881706502,255.05411798477377
19.9,,239.59160941233824,261.84619435900237,243.8524755257384,266.47890930044724
20.0,,240.90512383491821,263.4991605526888,244.19601929197253,269.11540148981805
20.1,,240.21493675719603,261.3255969839218,243.91838462275118,269.5823665596553
20.2,,240.3781603261279,259.9385513762659,245.1698804520404,269.3725554920438
20.3,,241.36660782734106,261.8251696764141,244.17140807024828,267.7075167962244
20.4,,240.58294128886808,259.9456388378901,244.12405241891435,267.90246527359113
20.5,,240.31383593122428,259.66616552380754,243.93078180536273,265.3285827626841
20.6,,240.52251272619918,259.4321191241742,244.60856479193828,264.33507951644833
20.7,,241.28479911936034,259.7475141288681,244.39202891653764,263.8695530381737
20.8,,241.15795744454724,259.7624148375926,244.28917871369072,262.9804230786415
20.9,,239.35425119350194,257.4340816202858,243.29784758803729,260.9224193046345
21.0,,240.07243325586248,258.77710473647494,243.16555990863432,260.7943996212178
21.1,,241.33785487450865,258.7053026659134,244.95147050056144,262.2559093217177
21.2,,241.39445178857437,259.46892922017025,245.27518850296292,261.12739729294884
21.3,,240.3538159927038,257.7184553098058,244.70491194071332,260.89144594674764
21.4,,240.54818459699342,258.4126536960626,243.1591275478423,258.84294178419805
21.5,,240.92627820824328,258.68927103017967,243.56154267593547,260.03404616993294
21.6,,240.00277243627062,257.95481297988084,244.03311174222912,258.0674815030337
21.7,,240.47817544018085,258.80748050443947,244.22497830429776,258.7104979132278
21.8,,241.52571146283552,258.02978899132654,244.64738624429052,258.6515304681537
21.9,,239.9480128278558,255.48690842063064,243.9853111142079,257.4792787588556
22.0,,239.55214838646515,257.6902093868402,243.29080363232856,257.7104167535465
22.1,,241.7852239818186,258.9874052845942,244.54440804395446,257.0502974663546
22.2,,240.69251408254735,256.2855972363319,244.59232752269028,257.48190302466656
22.3,,239.97746151485208,256.44461486017394,242.89189793807301,262.23241967891227
22.4,,240.95173047920647,256.77538319216677,243.9838896665235,266.3726995256899
22.5,,240.37357383602608,257.7923337128775,244.22832542479657,265.900426879769
22.6,,240.52004949780905,256.7084020936874,243.60339235150443,263.375471025134
22.7,,240.18112998219866,257.3096403643304,243.36086845701257,264.1557200763093
22.8,,240.7841085458961,257.432410861542,244.07235881371446,263.5854733063578
22.9,,240.06238317537787,255.6744776407593,242.88774846458736,261.58887963653046
23.0,,240.42010120275825,256.5746035063242,244.02306222604815,261.23911917171097
23.1,,240.462632450047,257.74228194194865,243.21723315177317,261.47034081939853
23.2,,240.87049394457728,257.42708193768595,243.35825708706753,260.57945989630747
23.3,,239.70127091962098,254.85920480005478,243.21179844639437,258.1456212006476
23.4,,239.40130475125906,256.97353353750395,243.178599759866,259.39075066517285
23.5,,239.54769745263505,255.74102341597325,243.30956250321591,259.1122152173531
23.6,,240.06640699754777,254.8264323664858,243.59926502710914,258.9546806883544
23.7,,240.64818723938347,257.48838748001214,243.15455405348072,257.0959915910225
23.8,,239.61514086887837,254.85307799657647,241.95719178219323,255.3182339935762
23.9,,240.37279135255693,254.91365357619185,243.5754730744088,258.0875553916417
24.0,,238.9817639285819,254.4953317161595,242.25799327353658,255.21429468269412
24.1,,240.296451562821,255.34891283189552,243.49157334211893,269.01027077740815
24.2,,240.8368824562394,258.1090918474499,244.52756551257224,271.64160098514435
24.3,,239.9012183710669,255.9039554940627,243.90204142149912,273.0247477864467
24.4,,240.94599495834112,256.6655403556846,243.61556418233283,272.5698507019899
24.5,,239.8620940233788,255.1509243585651,243.57391915311976,271.29673082889997
24.6,,239.14493847388172,254.46652510760353,243.11451090654313,268.217352222883
24.7,,240.11474877601015,257.3904882101193,244.18829612284662,270.04692339039315
24.8,,240.23935974917677,255.88398461029186,243.7948358813571,267.37018343355527
24.9,,239.71421171246072,256.3833155280535,244.05907919309118,265.8716915571088
25.0,,238.6952432237117,253.2904389948373,242.46648119698713,264.2407835599626
25.1,,240.0345263217784,255.47892309965266,243.0953240331909,264.3840670630971
25.2,,239.81082513517194,254.4493069995643,243.50340838821612,262.79143086578296
25.3,,240.39753849537885,255.20176673050062,243.93835380668972,261.6911744500872
25.4,,240.18501952067962,255.87536703858476,242.71129346346447,261.1639091238164
25.5,,240.76534679013307,258.67352550811376,244.26043129642352,262.13703719641916
25.6,,240.12889218236037,256.65270307349414,243.16389395122644,260.4340774960227
25.7,,241.14794520080005,256.7410442448957,244.11534539466408,260.96101334922275
25.8,,239.8989714138927,256.97614696802344,243.84762841566987,260.7746879353216
25.9,,239.85502167572446,256.1297105591184,243.99136233199738,258.0693181264739
26.0,,240.16278126096338,256.511913627052,243.76536940384568,258.8545237697579
26.1,,240.44892058813375,256.4487268145676,243.87720711990625,259.22267189332854
26.2,,240.47806578716268,257.9077916749812,244.4481056237631,259.8096916274764
26.3,,239.6509642969843,253.86864574174987,243.6980775400987,256.94750819959637
26.4,,241.98435905586604,257.2266971869871,245.15563152779634,257.296498210885
26.5,,240.19889055425008,255.75342895786,243.5204837729852,256.78124784660685
26.6,,240.85748207857938,256.63882848077753,243.21661020723673,255.50073563884482
26.7,,241.38155457838585,256.1122051397449,243.88659077948085,256.81149947207615
26.8,,241.15901619126373,255.15382572101123,244.1757502523096,257.6942766229277
26.9,,241.58719318686704,257.99031306804994,244.83756792892356,256.55573257717464
27.0,,241.63447335587887,258.0666893643466,244.75690921947685,256.1579793965195
27.1,,241.1737362884879,256.0858607120939,244.6825029490185,255.2107049361702
27.2,,240.6349127090355,256.0187747784802,244.44168706532614,255.54010369479852
27.3,,240.93669728709898,254.98440677487383,244.15231299150028,256.2163998641367
27.4,,241.6589345887363,262.48022161708275,245.23231224894738,255.54383295253868
27.5,,242.08083846632857,265.1341407546612,245.88600799124205,257.082836704558
27.6,,241.12818586904143,264.89521543526286,243.93040009486862,255.05980093780445
27.7,,241.707626007967,264.7424234023918,245.21573020917907,255.34287596937926
27.8,,241.29705913598215,264.6159662534231,245.6943264836345,257.70285713025
27.9,,241.9532549908474,265.0667679728189,245.17511215946627,254.65017668375057
28.0,,241.90205186920832,263.65214500748897,244.06486113258734,254.75761305934998
28.1,,241.07243426892745,262.65231273631775,245.7651567256076,256.32524827341337
28.2,,240.37857501780078,260.06224045203453,244.28239989328682,255.0987689946374
28.3,,240.99195254697688,260.91776693251245,244.63426387342815,256.0143129811829
28.4,,241.60315030472955,262.5324926601946,245.24166705085696,258.0188590803292
28.5,,239.81253579135384,258.8643902188868,244.21365379546492,255.29816900429586
28.6,,240.43899426796838,259.57505340597714,244.86608331341446,254.85337295788958
28.7,,241.40358860285303,260.20659223816205,244.80633138307203,254.3565591070764
28.8,,241.6713281247367,260.3682258393772,244.94259953235425,256.1309874522889
28.9,,242.41994641198679,260.9957597445255,245.56145612636448,256.38173170192385
29.0,,241.28675779328321,258.671072142725,244.98940907886464,254.0176479723923
29.1,,241.52425742355496,260.3930736800781,244.34172372613335,252.73220815945797
29.2,,239.97649048035402,258.8457185784587,244.16835970080018,253.9700540170244
29.3,,241.91464115651743,259.5077447398959,244.98587088000875,253.69252857914594
29.4,,241.10327097234438,258.9062206376469,244.03509247590077,255.61179246089597
29.5,,240.68414534669043,258.15818189438903,244.06333777450013,256.4154211121688
29.6,,241.1483689884911,258.90723435460825,243.76611283545634,254.03708947903007
29.7,,242.185755589985,259.17080834777437,244.5495313652854,254.96214602019026
29.8,,240.19207873552818,258.9417530048013,244.88768505987764,255.0779022892411
29.9,,240.70455581520213,258.49936825220135,243.66746916474844,254.1955964064024
30.0,,240.3577571905926,256.7414697201676,243.23610300878548,251.667211500627
30.1,,239.994070945589,255.71153752440682,243.5246469433893,254.22494972449135
30.2,,241.11643819902616,258.8581172702002,244.04378293641957,254.4958864297552
30.3,,240.55094634065287,256.7834390330295,243.04862260016006,252.4433517577759
30.4,,239.99666512101368,255.30115985098433,243.08207673932338,253.6935619945156
30.5,,240.17648935259598,257.56239517475564,243.74292356663338,253.69833046753683
30.6,,241.40327505849535,256.69701650103735,244.52919125332173,254.26273465171747
30.7,,240.7667977639575,256.72590542458727,243.52835581042962,253.4407778248639
30.8,,240.28562755106518,255.66036762977197,243.67886657685926,253.4688190436207
30.9,,240.64099726270882,256.82754805134755,244.71162649933652,253.64849176398832
31.0,,240.23610242129826,256.69156582195757,244.2244035702549,253.65220047172372
31.1,,240.94556825880636,256.91284886021634,245.07626803422883,254.72421463915737
31.2,,241.2136449319937,256.64998625243214,244.89195377524507,253.6245920378046
31.3,,241.0706700741208,257.2957019257277,244.39911583938343,253.2404555143818
31.4,,239.74092428603583,256.3761438822148,243.7045645490262,254.01172353077305
31.5,,240.69676524440604,257.661747210755,243.8294353923185,253.7917820890443
31.6,,240.35443479663093,256.46801173121344,243.80517448678137,253.24588013239486
31.7,,241.62943080420902,256.09359531752403,244.27904968486462,253.42811197756305
31.8,,240.44959793109666,256.9119699853311,244.80816118799703,257.0097444202308
31.9,,241.75668763670737,258.02045191077383,244.60430681537366,254.84534480627732
32.0,,240.74727416658433,256.65392709069016,245.31399863887864,256.5880331874308
32.1,,241.47848392230256,256.7032181684612,244.94641599317995,254.54228147158415
32.2,,241.2935602588568,256.7889542120758,243.82539617191688,253.43316865917407
32.3,,242.2935122281851,258.9636572046721,245.2533552103299,255.0988940402128
32.4,,242.21469129059878,258.3824589658685,245.63285318073278,254.96191474628148
32.5,,241.36649731783217,256.8662550763654,245.38765259516296,255.26449225632254
32.6,,241.81193457333524,256.64962101819543,244.98886935843143,254.26022184510816
32.7,,242.48707411223737,259.07798162863213,245.54051683037991,254.53769320918985
32.8,,241.92440276749934,256.8865953226748,245.33595481891436,254.51863102632223
32.9,,240.95885191923833,257.5839351954853,244.5362008558305,253.87209396886618
33.0,,241.89794345144045,257.3053162770761,245.45300471619768,254.6585897295948
33.1,,240.8534201826467,256.2234459364035,245.06252762527595,254.60111615141489
33.2,,243.19385314875578,259.557097999909,245.8761838555093,256.5110989230694
33.3,,242.31660295261457,257.94150129992784,246.0687374974427,256.32269729105934
33.4,,242.53302196311645,257.9183730286634,245.97012677357085,256.4797617233226
33.5,,242.29662962792946,258.70277871195646,245.4847322609461,254.6943953387361
33.6,,241.64392048417426,257.05856047559865,244.23353165895463,254.65480821757828
33.7,,240.85810551926485,254.8583689124947,244.85009273027595,256.0961514282471
33.8,,242.08878781190126,258.4075293626748,245.62358441218558,255.4426810765375
33.9,,242.25422300894132,258.11480760366607,246.33030902442135,257.15807958283335
34.0,,241.64484667168182,256.55418844819474,245.3272066816628,255.1312632103665
34.1,,242.6785216633813,257.4909056895733,245.59934980176558,254.2049203335609
34.2,,242.3612500265818,256.9864751023875,245.50404324596556,255.6920282435882
34.3,,241.66009769082441,257.2591489601479,245.2714989531314,254.9745428603389
34.4,,242.96446591063355,258.90823579556934,245.22679054253865,254.89943820742346
34.5,,241.4686547022745,258.30994895767043,245.4278857012505,255.0373670591204
34.6,,241.99087100736935,258.4518362747461,245.13633021968505,254.17450659820216
34.7,,241.8813500373691,259.495150328034,246.0718922333061,255.54297558126615
34.8,,242.74627804151245,257.77604916297815,245.56176074751608,255.1515087463256
34.9,,241.1597101381445,257.30311987827207,244.65620665981064,255.77311898825576
35.0,,242.65717807116212,259.19964665408287,246.88263767387812,254.98599672481896
35.1,,242.0469239256335,257.12955766799644,245.9543676025497,254.9935080807255
35.2,,241.77736501193212,257.49898821013227,244.20087342760277,254.2943154685949
35.3,,242.03360819562957,258.08309715643554,244.73414149381438,255.10473875123043
35.4,,242.36427282847873,258.18883429277236,245.98335983288376,256.52898900787085
35.5,,241.32151925316444,255.05200539018355,245.22807014839054,254.97231332629224
35.6,,242.17415931750975,257.9862156845217,245.80385230810222,255.55249826730213
35.7,,242.37268215223438,256.63413375643864,245.38664611803912,253.55857024695464
35.8,,241.888815884304,257.1334537204187,246.26561528879452,255.13156052117697
35.9,,242.22786541959442,258.1857254374062,246.7156535111813,257.4241148456805
36.0,,242.32410455586026,257.52564512376586,245.62778309173015,255.43167747287387
36.1,,243.78490093097497,260.36976945011594,247.25285450320118,257.2218805693935
36.2,,241.41011717702185,256.84480525783505,245.34197044980974,255.41111066682964
36.3,,242.87776122578788,259.38717038843816,245.54496906425337,256.200889967104
36.4,,242.63276780992842,258.26230300691833,245.88726029780892,255.59157218523697
36.5,,243.08694825356847,258.876191076618,246.0184969841845,254.9988084165021
36.6,,242.50086073975513,257.7701768534773,246.04172185334662,255.93255740784795
36.7,,242.51694609885607,259.452386018692,245.76383508180385,255.0001312046249
36.8,,242.52574069213043,258.4884080382676,246.0721237344621,254.9090389441415
36.9,,242.49569298942157,259.7715247717151,246.8153233376414,257.1592118809935
37.0,,242.95269534798,259.7677812918974,246.63694312816602,255.54727732303206
37.1,,242.44021597093473,258.6303270103366,245.6421261463673,254.59801786785366
37.2,,242.67541498083955,259.5456693354127,245.77459022444657,255.67414641529004
37.3,,241.3328681809623,256.01463251754586,245.20648419302046,255.7553079752548
37.4,,242.505373188804,257.8805184344942,246.75630489399617,257.2856074398176
37.5,,242.84687656496627,257.70256649071524,245.79622092943504,254.6228918727509
37.6,,242.23547537427612,258.1165836416981,245.3841933296241,255.2976163114631
37.7,,242.53152967828075,258.1900723142346,244.96290225514753,254.9884985081855
37.8,,243.01167653153914,257.70985246348164,245.36910160946536,254.91202536488777
37.9,,242.15785395239828,258.25050181031605,245.38512645378327,254.634958801558
38.0,,242.1068230192837,258.0952933695471,244.847571276173,253.20487655470365
38.1,,242.74330696861895,259.08541792332653,246.97336084909404,258.2314051383838
38.2,,242.42512818877407,257.28258418472933,246.13286882827157,254.7674156745788
38.3,,241.82765831344034,256.92345082897197,245.80135757393003,257.40810345014705
38.4,,242.26768120586289,257.9926410458015,245.8894449872537,254.2067448791089
38.5,,242.56250376131632,259.17137815250317,245.98425251682082,255.09829122881087
38.6,,242.52388723259318,259.4156120369467,245.6054166491757,257.0584093313836
38.7,,243.21221406259016,259.94786829834123,245.4708356763252,254.23987447844874
38.8,,241.83001588002537,257.70473382334626,245.79733794185034,256.02670532528225
38.9,,243.18978757867023,259.4026957529876,245.20389813305673,254.62590458201578
39.0,,242.02080599570928,259.4133177416045,245.79669448410212,255.54557111093882
39.1,,242.3657194461992,258.6152327821771,245.81090658132212,255.30234441510987
39.2,,242.9910920272147,257.9859737921935,246.04639033439366,255.41358511540068
39.3,,243.62463150439922,259.68829974458237,246.90335827466347,255.79330953637103
39.4,,241.71176326787392,258.17830163489896,244.64964756966543,253.6977812742079
39.5,,242.1258624796127,257.0551491922463,245.25008740484796,255.16923874208706
39.6,,242.75593148757824,259.5010869315248,246.07089750868548,255.77430944242047
39.7,,243.05592975920922,259.1403770126585,245.0514094517097,254.60686445826062
39.8,,241.98583125129142,256.820988837892,246.14920674460814,256.0273594377811
39.9,,242.24971584754041,257.7133613881197,245.98242436514474,255.20817658274666
40.0,,242.62184110651702,257.7638447747418,245.74789834322635,255.14098641561208
40.1,,242.97793402137032,259.14867301282334,245.9419878752822,255.06171003511258
40.2,,243.34326717879426,261.24316095821035,246.41183365167117,256.8704397243717
40.3,,242.8106406837034,258.3835353897246,246.38289722491874,256.27839872859073
40.4,,243.566823293547,260.1673804560751,246.96264457118124,255.51653362230255
40.5,,242.61791923141186,256.8195894055517,246.65623341748778,256.4283507090416
40.6,,242.5784759807996,257.660454680726,245.99674806128152,256.4439856638557
40.7,,242.86808439169135,258.8621312674253,246.15042940177446,255.54810683728496
40.8,,242.65311124820562,258.8389993808225,246.40817076897946,255.8677794735205
40.9,,242.29330637836753,258.14090081499177,245.51378408257068,253.94873591747435
41.0,,243.5299089095538,259.21192357946967,245.97624737079218,255.97715336325487
41.1,,242.33738505378673,257.89249919446064,246.4631693271417,256.7469530304488
41.2,,241.8727024734769,258.0354776002275,245.09688908792114,255.78351890509376
41.3,,241.5682139858653,259.28793911023644,245.64042844669495,254.97210322052015
41.4,,241.15954214751,257.4794708710104,245.91465465057215,255.19517962108463
41.5,,242.34560168556882,258.5596076123396,246.33155965465687,254.46525243227592
41.6,,242.45229229137604,258.56209714282187,246.45449823654732,255.2167602213282
41.7,,241.5568291894799,255.9972366709238,245.33414163202272,255.89491536952337
41.8,,242.15758663205787,257.53727566831134,245.59201645096527,256.73929021204077
41.9,,242.28248880516355,259.7732983713652,245.57778978660875,254.67422214889402
42.0,,242.5957580367058,264.5507826008325,245.63767843066617,255.00966449160777
42.1,,241.56479668521055,268.47325878443456,245.35671816453996,255.55374288769357
42.2,,241.42799557647564,267.6894932041032,245.1138759945205,254.7552971365872
42.3,,242.60483342794947,268.3562906061063,245.30621435950562,254.0539549643664
42.4,,241.66994605417707,268.5053739113898,245.88944037509728,257.1810790345793
42.5,,242.14556357003872,266.3730295703682,246.03157424281974,256.259689982531
42.6,,242.54404419843885,265.96124066457884,245.06629264195473,255.43450911894456
42.7,,241.74776694341674,265.46631515215074,245.53192061339033,255.96895109288383
42.8,,243.53350686159328,266.9938554879918,246.32112488799788,257.6176777149272
42.9,,242.28850994914984,265.1921171686759,244.8426845098964,253.8999862894011
43.0,,242.65185722387372,264.9146060760114,245.7021492268637,255.71686633475574
43.1,,242.14241808243872,262.9900664194184,245.78392531813495,256.21950761288974
43.2,,241.34686756916992,262.07772418159504,245.32749040981204,254.7946971018176
43.3,,241.72859993455754,261.91915554409627,245.08761556005655,254.60131299258188
43.4,,242.7176166424674,262.7692700031641,245.36144298806815,255.62069687339508
43.5,,241.59341058826158,260.8198687511988,245.41579833056232,254.5136482022421
43.6,,241.91483313043096,260.06977676248846,245.96265599874022,255.46610271360217
43.7,,242.81802976055693,261.7815425930961,245.9238099771027,254.10594464031067
43.8,,242.32232546536997,261.410401707585,245.53536114302915,256.1484170388735
43.9,,243.12441461743876,262.20830740894183,246.67656225028583,256.02812627594716
44.0,,243.08091138889938,261.79490651185677,245.98346903796,255.1740416557077
44.1,,242.67900683850922,261.9605987611673,245.86985381357488,255.64648792939053
44.2,,241.48903162747197,259.6434007716981,245.5533890548748,254.26491131025364
44.3,,241.77623886433005,259.78060789024283,245.27364272095747,254.8130973357191
44.4,,242.4360107162371,259.73147859459993,245.29247981201902,255.82279408624254
44.5,,243.14789717884798,260.64565107858243,245.51889599982175,255.51311763612344
44.6,,242.34365150256625,259.3942634047347,245.92012994626137,256.2604491843219
44.7,,242.47867604540627,257.18392386425586,245.74381216730305,256.4576489967038
44.8,,243.742226107459,260.6501243562863,246.91692456146083,255.85920464457683
44.9,,241.9908807423347,259.5237513808412,245.52382761838987,255.74410179167467
45.0,,242.96743573241358,259.02848155209733,247.35233765422728,257.37524424971144
45.1,,244.13987001916826,260.4703384617829,247.2934454278156,258.3395434829967
45.2,,242.31658469403556,258.66032767638694,246.12336455427462,253.90701584582035
45.3,,243.194234948469,261.13643543586073,246.84592787330078,256.53880507097426
45.4,,243.5160102741108,259.8027335129636,247.10953588419105,256.5554434791209
45.5,,243.51943101423026,259.8586867845769,246.5924066348326,255.8440277278975
45.6,,242.84920378575606,258.8348628991078,246.6383770599337,256.0463271950024
45.7,,243.84900379796227,259.85363568754826,247.63031064439255,257.6005852844235
45.8,,243.09392870378173,259.3326793735753,246.5062946787211,256.56735626921875
45.9,,242.41638582067324,259.91091952233813,245.5768488045738,254.40871984450473
46.0,,241.8005080752326,258.2900567370486,245.65476230753248,256.32203255863243
46.1,,242.67299051785605,257.70055508042554,245.37820063498842,257.3527730321081
46.2,,243.07821845698504,259.6394680789739,246.02796459461305,255.75589999183734
46.3,,242.27914728486869,258.6419108813213,245.00873012402488,255.67374824894597
46.4,,243.75518445896455,259.9785685106476,246.91918514474824,255.95546739872006
46.5,,243.32183329502902,261.03663065218814,246.9228612970356,256.1019979579567
46.6,,242.53569610735897,257.6574159834156,245.5441146575998,255.3580368137962
46.7,,242.61749551965426,258.4488398489656,246.86337903675707,258.0501367300157
46.8,,243.5902752856025,259.5467308976959,246.9343163218548,256.4765714794246
46.9,,243.13054474210082,258.2353607620175,245.90929604311782,255.52276013978306
47.0,,243.2799207395103,258.6035845064917,246.04983517665931,255.16138721769536
47.1,,243.72161033800487,259.0020432428115,247.2590217262246,256.15023299658395
47.2,,242.81986758790617,271.9299717191336,247.18612751407937,256.91818384484213
47.3,,243.80253222083525,275.6846548973828,247.30983395368528,258.08348539389596
47.4,,243.02231258332228,276.9282828647086,246.8277470135839,257.0799900068528
47.5,,244.26348569389285,276.57273694034944,247.66093858722212,257.4073023096506
47.6,,243.21342605157395,274.6398748303148,246.45038074057524,255.8480259249467
47.7,,242.83989426412506,271.6465130057147,245.3143523505741,255.73040455628836
47.8,,243.49257391325006,273.0458133142454,247.1919912754354,255.318694040706
47.9,,244.80624114948347,272.75951128628003,247.40393517224493,256.88603602461137
48.0,,242.77335651155428,269.19948699396866,246.0041869854568,255.7207067181282
48.1,,243.44135181643955,270.90806318418095,247.40191289774626,258.66322648668586
48.2,,242.81494128353728,267.5892336504018,246.94237343735503,256.10614086036026
48.3,,244.74683579627484,269.04263513618537,247.06290624500375,257.54535801307696
48.4,,243.5547321614536,266.3861759447403,247.21756738421146,257.39558942507546
48.5,,243.3112481207116,265.7913333345601,247.404356082061,255.5637355081873
48.6,,242.48334402501672,265.0681041584111,246.2421472146559,255.68307587272142
48.7,,242.95913168192925,262.89194112416925,246.3567882821555,256.2782741144438
48.8,,243.57614417854955,263.5989147290727,246.27918195898718,254.40094594236913
48.9,,243.5703166557237,264.80777305504967,247.81728866398225,257.46740962949053
49.0,,243.11138890474788,263.5189496151113,245.64904607689,255.28914116173468
49.1,,243.6380743248411,264.7713055112936,247.01504105060963,255.2632127291707
49.2,,244.23446822371443,263.3690911288448,246.21540295383733,256.5743833339109
49.3,,243.30486232543646,263.5193228345151,246.75776261517052,255.67516225148202
49.4,,243.67951765719658,264.2289170288247,247.89550293323933,259.25309616032524
49.5,,243.8231062475351,263.1434555046107,247.47100771564507,255.78527604806703
49.6,,244.35244262369065,264.19733393119265,247.30597686772066,257.30910478100685
49.7,,243.6838296644642,262.3392901440228,247.2672724155193,256.9976836596841
49.8,,243.97889195257665,261.7054440456273,247.22250630615528,256.35676676409076
49.9,,244.16221213253672,261.7015481255043,247.83551039410906,257.67723124268986
50.0,,244.67744154156568,263.78468873028646,248.0927182576991,256.00876772043364
50.1,,244.1631207250752,262.98657310086276,247.22922150836433,257.815931385113
50.2,,244.8822801209729,263.1320444808877,247.31602771231843,256.6657241208522
50.3,,245.13776756320559,263.2691575601073,248.5008344903331,257.29407532004143
50.4,,244.90270436197923,263.01207182128184,248.16996988381703,257.6514450871246
50.5,,244.46940021308438,262.07440427725055,248.09318669050495,256.8662769478201
50.6,,245.16424298246523,262.4038802667764,248.11644181918882,257.1941175514347
50.7,,244.76940715171992,263.0025260878928,247.96999063310196,257.05227893853726
50.8,,244.35014123644584,262.024353481948,247.49888981436953,255.55178370998937
50.9,,244.59380530128874,261.96963620334066,248.9056084578989,258.8195046404163
51.0,,244.72163862102042,261.4200657154917,247.99651305749146,259.21784220644486
51.1,,244.82435195511314,261.5427031515662,248.29884154923005,258.0008737489091
51.2,,246.12948117112475,262.35657016819005,248.42266289857272,256.41383548230937
51.3,,244.41478244440086,260.8405647585508,247.85221621254615,257.9772879422436
51.4,,244.02620595963455,259.8451672436943,248.45571246906454,258.22295184399206
51.5,,243.60745150135605,262.3901214918098,247.09587551409288,257.09913856686904
51.6,,244.71824553167465,261.3695039614716,248.19076889978325,259.8238908011931
51.7,,244.49192141757732,259.4425902565592,248.11449055286366,257.7935618149603
51.8,,245.3334757614455,262.3439830917105,248.3119663141656,258.26317078197
51.9,,244.25853494014174,259.73180414245087,247.22230721714405,257.3123720118963
52.0,,245.10039760240755,260.0937309768208,248.55392750753836,259.63687211756803
52.1,,243.86905267431322,258.7903271956044,248.162870220768,257.5262733946679
52.2,,244.6701071720408,261.5236521443334,247.86601732499344,257.7043969774047
52.3,,244.77946230403134,258.6751692667138,247.8025566390249,258.574188057766
52.4,,243.93084266701192,259.74900079352625,248.06920389925241,256.832017737262
52.5,,244.3958365755533,258.38459230326936,247.45510755654735,255.69291251534784
52.6,,244.47315128155444,260.4180138366217,247.60144312493668,258.4466930829226
52.7,,245.05404472606511,263.00033682339546,248.49209758740398,259.2532469715758
52.8,,243.92143154134666,260.40511826412046,247.30127028285628,256.8299186254101
52.9,,244.9513829111226,261.14235259758084,247.95857839541657,257.60746867954146
53.0,,243.12311143756094,259.12884226459914,247.53211737633424,256.5166818161275
53.1,,243.4462062213419,259.3574298603568,246.860054317967,255.94701450462122
53.2,,244.13803400540894,259.49406421251683,247.08227894290943,255.77315723500445
53.3,,243.36932262407643,258.0911720527797,247.28176748905727,257.16305826466333
53.4,,245.1917178755349,262.07333917647657,247.68698598839524,259.20795822201774
53.5,,244.28876924707342,259.51155612831184,247.61505185539835,255.3959358323889
53.6,,244.48194728654158,260.6301599849151,247.9347163816866,257.45651560620485
53.7,,244.88720615394598,260.02620682460343,247.73965742590298,257.72662662536885
53.8,,244.3567741699919,260.7609394408487,248.61367430827372,258.4908472002603
53.9,,244.42731942569526,260.83954774675954,249.20213839596448,259.5767358216406
54.0,,244.92031893753006,260.29748652739704,247.63082941619763,257.4694399557838
54.1,,245.30217697535596,259.5802546902719,249.3330473520434,258.4672844214041
54.2,,244.71982982250418,260.49390370132267,248.53562209132306,257.412417244331
54.3,,244.85975514292082,260.6129663348645,248.35184309257332,256.97380002937905
54.4,,245.39353918372805,260.550302726428,247.78088799815683,258.02647163311474
54.5,,244.11829870267886,259.3516385547146,247.94332894293723,257.84825488791665
54.6,,244.88986435462874,261.07727458520725,248.3599101538752,258.13222895913617
54.7,,243.93744992041258,258.4603270304912,247.8357989272574,256.9617183886197
54.8,,245.46508735066692,260.7509228858168,248.67632403531127,257.40969224962726
54.9,,244.74367529326932,261.6811135835721,248.515050522398,258.18944451113146
55.0,,245.2353435014372,261.5846059762897,249.0302660298233,257.8281776000651
55.1,,245.17723568405938,261.0175964815604,248.5615539791745,258.10003094158714
55.2,,245.4714049855223,259.5585764147402,248.2156001079793,258.40487861437117
55.3,,244.01091242440813,260.77332004405594,247.91557786091724,259.8283016836644
55.4,,244.93601318651898,260.866536559284,247.74916821071056,257.4089852219116
55.5,,245.26202937026267,260.1464712018994,249.08024851408373,258.00972863913665
55.6,,244.25152133852168,259.6004947607427,248.38943647700523,260.16984107568925
55.7,,244.53462050551084,260.23493742873535,248.41857532844358,256.66319046679854
55.8,,246.9794415703784,262.4680864988434,248.8857460503657,257.689862089741
55.9,,244.73048430173264,260.193211398352,247.51057643304645,258.47932903632613
56.0,,244.75513604409772,261.0219365709216,247.32837976756207,257.87163686935764
56.1,,244.93879018378152,259.8762441353211,248.2599944611173,256.4903152231956
56.2,,245.02297674803182,259.77911702768245,248.07863044635482,257.29503824717705
56.3,,244.98207058186404,260.76021309833055,248.29722350061465,258.1889165897282
56.4,,245.1839919418997,260.99435557764156,247.7320871202496,255.9808598883316
56.5,,245.08936078011766,260.69532724285546,248.6412222571026,257.95941420587343
56.6,,244.78775876148904,262.08523870091426,248.36205171149643,258.32763424602376
56.7,,245.13115003535327,259.700587099526,249.08048523688436,258.0463985653456
56.8,,245.71380991751994,262.68401702031457,248.3582400979239,257.29647025496007
56.9,,244.57473714370042,266.44054573358716,248.34950983879435,256.7969261726572
57.0,,243.7860051350409,267.865174569879,248.41259823040423,264.6333006165702
57.1,,245.4341755359995,269.6330023294238,248.37678039453783,267.47167582466955
57.2,,245.20546924598474,270.0951161456472,248.48613487806688,266.15370660346645
57.3,,244.8861491847842,267.75945720535856,248.09886875689492,267.18805021690565
57.4,,244.55056088977176,266.4533621251503,249.11973988641054,267.7593344702292
57.5,,245.12701996208048,268.16759686143183,248.56876131489662,265.83347867931735
57.6,,244.17400271747405,265.8487229451861,248.21345708332376,263.2194715400942
57.7,,244.99149395921557,267.6576057213456,248.4964552216194,265.50136108573685
57.8,,245.95979578968598,266.9105510632114,248.50953425703867,263.4439113446423
57.9,,244.79276706497762,264.92353629038905,247.6605131913594,262.4803872710201
58.0,,246.21153232057105,265.5818523818712,249.81500665894995,265.01824022663646
58.1,,245.23458519377175,264.8774536858308,248.63019661097798,262.1766413812646
58.2,,245.6388848412102,266.2300151142259,249.57002365054853,263.4669016703019
58.3,,244.9699528774164,263.5625247393815,248.96398859817194,263.6276744574898
58.4,,244.4820521967438,262.77795725916013,248.2951970324399,262.0188096095084
58.5,,245.55974894912518,263.48532210712887,248.47785463806593,261.80863624094764
58.6,,246.6701924864007,265.4027251745136,249.3248348988358,262.2530849419392
58.7,,246.6866109442484,263.8927154654495,249.18234527113566,262.0761330639365
58.8,,245.18705007382184,261.9538683029806,247.99286520216924,260.5551083086498
58.9,,245.59232669671857,263.7927637524721,249.71438044939993,261.63223700234875
59.0,,245.07689962481157,263.42163537347295,249.77853841019896,261.67577937205414
59.1,,245.5582496422938,262.62482186205824,249.3054517035553,261.5466481293675
59.2,,245.85428263106172,263.1283128749275,249.68933103534985,267.8803414032329
59.3,,245.69699261873578,263.554769024796,249.38530503902402,269.7997074321654
59.4,,245.31664097515417,262.2902026630978,249.3813762125578,270.2308949663614
59.5,,246.7729411128819,263.62760958441663,249.60168314182982,268.8896704128408
59.6,,244.95123543877727,261.3251380885678,249.02931853382665,268.7241496980889
59.7,,245.74514341014995,262.56235487305236,248.8658099327503,267.86786464672457
59.8,,244.30086586404707,260.9622107117179,248.56451934101793,268.1743811374212
59.9,,244.989940313609,260.9919729884793,248.1031112525966,265.65277385141087
60.0,,245.85127970925404,263.1776727229255,248.75681544767062,265.72857366608696
60.1,,245.47219391203095,263.4091445536786,248.90569001776973,265.5886047482835
60.2,,246.5393643928107,261.74483637614105,249.15282620762054,265.3980816040674
60.3,,245.67336317871897,261.7252434942038,249.64163625849488,264.8360875273069
60.4,,245.725674659816,262.57966753266703,249.13072673927067,266.3187449564884
60.5,,245.65883428127117,261.7669474102459,249.43644436532097,263.2944539503604
60.6,,245.80447336073263,261.97817496302326,248.97046852545017,263.56767672102825
60.7,,245.2503592640691,262.0837563250635,249.81248086084398,264.0747944111806
60.8,,245.95888164347213,260.6637941885856,249.33016158577328,263.11271522803946
60.9,,245.07116251416025,261.0320564301871,248.39962979361098,260.86008731732636
61.0,,245.3842999563475,261.7276106626394,248.8297402925029,261.88982992747407
61.1,,244.83421237942684,261.0737116091559,249.19845160315305,261.72634411314726
61.2,,245.84284009594592,260.28135934352764,249.07620930015761,259.7605187100487
61.3,,245.36227992538346,261.1670177654796,249.4515259926812,262.09145839225187
61.4,,245.2808031775596,261.35832004336623,248.4706999670874,261.73084926990555
61.5,,246.2056154164795,262.8265467290608,248.69494539945052,259.7274299422854
61.6,,246.04875516710288,260.5897700839803,249.39877022069663,262.07228001946555
61.7,,245.09730012072117,260.3402296455387,248.68666159931385,258.3798473162398
61.8,,245.38250066414986,263.32175444660606,248.4384391903896,259.7252268924761
61.9,,245.88561938855676,263.3380850766098,247.9209159664015,258.5044259526246
62.0,,245.3187633879873,260.7123448023663,248.70976948002038,259.3814592718722
62.1,,244.66564798251895,261.5616264859096,249.01625412842674,260.1796515376881
62.2,,245.79103457578987,261.37766377373526,249.54288601122207,261.4012310090634
62.3,,244.58210887191228,261.4433459788351,247.9914538575929,259.28048195377795
62.4,,244.55541462095852,259.7102989687124,248.19512352499558,258.6319663923528
62.5,,245.8696586789932,261.4414797140265,248.7140018258732,258.3913068798863
62.6,,245.77363620861203,262.2574828521812,249.87885219518154,260.00891178055696
62.7,,244.99183185814337,260.2484170744536,248.35553505283727,258.30237975227715
62.8,,243.9005926516403,258.7589840255055,247.89204700822162,258.54468673062564
62.9,,244.83149666738686,260.00797137424445,247.98348662181058,258.2222827825562
63.0,,245.69748498239784,261.0764495314227,248.29199827672142,258.6132759423909
63.1,,245.21300840793361,260.52355690227864,248.66046246539526,259.4091989430287
63.2,,244.3756049251027,260.4021577383767,248.79605294506095,259.2280449220202
63.3,,245.68974325888922,261.743402216732,248.4314036394252,258.011654107451
63.4,,244.52584039956653,259.9261409717124,248.07580526377458,258.1350425132385
63.5,,244.2671934907961,260.58974773883153,248.0295868758397,257.4702084964598
63.6,,244.33104631293597,259.04889481383077,249.00794636771946,260.2879998724759
63.7,,243.82703240798585,260.5405514185961,246.67253500387775,257.29209390814094
63.8,,243.64553215929655,260.4574303678976,247.96293437340114,256.92450061848393
63.9,,244.6718872357302,260.5981710476167,247.12587790467805,255.61552777110418
64.0,,243.58540231990634,259.5209031208141,247.63831888863885,257.0429679137612
64.1,,245.93207799559895,260.30020865823576,248.8585383042483,258.34455323358907
64.2,,244.79539980775135,260.5225712623226,248.87054805433436,259.24736116175313
64.3,,243.84034834754027,259.6515594350236,246.82594128032753,258.730325604578
64.4,,244.8380916459092,261.0987056445959,248.27710669866394,257.7652708967256
64.5,,244.325329843943,261.75389900583446,247.37512550940488,256.75052577559603
64.6,,244.58150877141955,259.2798421935009,247.97122146267503,257.3931234998943
64.7,,245.52214263034656,260.5816601853077,248.45275637108045,257.86437904706526
64.8,,244.39815979323572,259.89145555119677,247.48110452260505,256.09263739380043
64.9,,244.00980886438282,258.98155764037944,247.86872347575206,257.44835393043854
65.0,,243.69706951641754,259.8833333319172,246.65743675509313,256.3504748535387
65.1,,244.46955726351416,259.70178482778226,248.12908902692214,258.06689519948344
65.2,,243.93044872404028,260.18622758499026,248.27749613780867,259.77197800216715
65.3,,243.8161060115975,258.59018235799545,247.55578646574057,257.70252745881845
65.4,,244.3353026391954,259.4711348493537,247.62896626591785,257.54590137845406
65.5,,244.64811521712664,261.5471905439816,247.33567852579466,257.5755811879018
65.6,,244.154224493704,260.98315070696447,246.92838150550008,256.5608069793892
65.7,,243.1970742220545,259.24557300964767,247.53554469599504,257.22732299580673
65.8,,243.66027668675102,259.48530772254423,247.69236117814708,256.3751575764135
65.9,,244.19525130305428,259.76409878238843,247.46940266951592,257.7692733705512
66.0,,243.3021673610784,259.3636806085567,247.0407256785178,257.15324060041814
66.1,,243.81266980650537,259.42947959605857,247.24383871958068,256.876044245494
66.2,,243.63013047055264,259.2157393973002,247.40695987101003,256.7031569042713
66.3,,244.3401201307473,260.38134368417656,247.57456809445517,256.13559891186867
66.4,,243.15337623320755,258.8509501212653,247.09543436534875,257.72988532242186
66.5,,244.6033884604411,261.35093822911557,248.12329272464206,258.2795997757147
66.6,,244.1201350584803,259.45463676295185,247.41523272619182,257.51715669808914
66.7,,243.92380020543004,258.9574028120517,247.1498821350863,257.1311318285164
66.8,,244.93135451064273,260.9716837133427,247.8997362562936,258.144574359086
66.9,,243.88718169589413,259.123915330569,245.85146923405884,256.22591429292913
67.0,,242.86187043698575,259.163737091387,246.82311698238777,255.08251847866583
67.1,,243.8765404820309,259.33413411966535,247.32612356998465,256.44615628677957
67.2,,244.39779736256074,260.47185792182955,247.22498772251117,256.27616613746363
67.3,,244.20830966066478,259.9327209534719,247.95197319567967,258.0350541983525
67.4,,243.22017260191242,258.5393232907217,247.2320421391486,256.3584006775941
67.5,,242.96909492173108,259.32456426387387,246.05056530187005,256.2960016229254
67.6,,243.1064149062846,257.393176159307,246.55135771993423,255.83888541655747
67.7,,243.81099408078398,259.5366578040819,246.46011481837482,256.8414162173816
67.8,,243.13777842779737,258.6601842075212,246.67302046767935,256.6960827994529
67.9,,243.4799232659157,259.9660176418563,246.05644359108837,255.21479899297222
68.0,,243.49151697220066,259.0524194913847,246.2960218912284,255.78108752884404
68.1,,241.54064471874574,258.33184615718613,246.16825254141895,257.0881636005363
68.2,,242.2787987561237,258.2658243953409,245.76527476472464,256.299612176462
68.3,,242.23515677766378,256.95078603434104,245.79093595272207,256.02515554506056
68.4,,241.9792286870814,257.8006769390905,246.24334640296937,256.0055384840311
68.5,,243.16355584876516,258.25624277515584,245.65294419415807,255.68985205493453
68.6,,242.8956630345176,259.44837697415454,245.95047529125415,255.50561178362793
68.7,,243.1041723944872,258.6237839856269,246.60338901674277,256.1412866408206
68.8,,243.04540225712967,257.7709609397332,246.95669460755477,256.8677493271945
68.9,,242.06022010005208,258.60201985144505,245.2978008344801,255.77384962027085
69.0,,243.0103048087885,258.8226525751135,245.85685813502278,255.38552861817615
69.1,,242.85183119585304,258.93165603301594,246.39304262498516,256.57344132928284
69.2,,242.6825551185122,257.3506379071837,246.3320437400875,255.68098957046558
69.3,,242.86268962377977,260.11411059259063,245.22063756066768,253.49693620514256
69.4,,241.71571178045423,257.55830873622125,244.7090234304858,253.45449731077923
69.5,,241.0135672605147,257.9295871852002,245.00217055249212,254.32732275367908
69.6,,243.08286096253403,258.13439696811935,246.77736114668437,257.0878503180876
69.7,,241.72943883027511,256.8451407159733,245.21286249246262,255.39747003373418
69.8,,241.63815687108803,256.19404347875303,246.10460268900823,255.67112883247972
69.9,,241.95707563176217,258.90783072141323,245.5886157609138,255.24461774259674
70.0,,242.04049719469904,258.3484608964257,244.938689878854,255.24292215192534
70.1,,242.30771195771368,258.4501015891438,245.85818675414697,254.89737033008277
70.2,,243.48230629552813,258.1237769879745,245.68020287547708,255.1868437308771
70.3,,242.0550886520101,259.5122566172411,245.9501495861807,255.483511231505
70.4,,242.83066185119017,258.7964448606428,246.71400251297632,255.04743074434282
70.5,,241.40539911189987,255.93323223286632,245.28361622612343,255.73586854939137
70.6,,242.5498726720218,258.16682762088453,246.62089312923763,257.2997978841978
70.7,,242.74991986898306,257.8036020208106,245.881854139233,255.95975962790342
70.8,,241.55929189523823,257.8590893068307,245.84725042224636,256.29273392221216
70.9,,242.0987589033583,257.87886522593277,245.36507804769937,255.81422441751948
71.0,,242.74065777889322,260.25746957025785,246.09091061310082,256.60062706030317
71.1,,242.62330272370522,257.4415972587248,245.62928100457256,255.43725999524344
71.2,,242.0015129301424,258.10613446801153,245.50349381143758,255.28249594255774
71.3,,242.66277008798014,258.73190955653325,246.52963348989462,254.6713382476405
71.4,,241.98659392451057,258.2550577044604,245.61530751596447,255.94078386892716
71.5,,242.80495686854078,259.0202333408555,246.08847127035745,255.36804314938894
71.6,,242.14790527773755,257.8712305262985,245.43970925353273,253.80184007692685
71.7,,243.71008398396967,260.14303006532776,246.82617296256646,256.14572921571266
71.8,,242.54700797573707,259.1890312375595,245.9149007482333,255.90399490151822
71.9,,243.88339148881846,259.03079442221264,247.06678867217704,257.0244683515365
72.0,,241.97584427904522,258.79278895086736,245.04653729875017,254.5867303813932
72.1,,241.8040180276256,257.3713017987996,245.6467581770579,255.3560784978083
72.2,,242.38534097251127,256.82883347596277,245.37355025483416,253.2132589811888
72.3,,242.68717375703852,258.04824586518714,246.4503482505428,257.3093595223806
72.4,,243.50650564219225,257.7140581968851,245.86711651198533,253.26727083154418
72.5,,242.7828031582978,258.58964991640937,246.1422886790579,255.25836561799122
72.6,,242.44310902694363,257.2441670115235,246.32765688532552,257.1465406994945
72.7,,242.10667274077272,258.3017446874218,246.06611838725584,255.78187723481156
72.8,,242.20943579103835,257.89619021776736,244.75902411817208,253.87900873366766
72.9,,242.2311265862098,257.65881115524877,245.7317905174255,255.6018798046659
73.0,,242.36439032829654,258.34712643643184,246.71990386284088,255.92260275504637
73.1,,242.75345924906355,260.2640141971525,247.15618700016972,257.6410633722142
73.2,,243.4110312182983,259.0327595900393,247.2512185097259,256.5798093584279
73.3,,243.4872491250458,259.75238409361043,245.9085734489752,255.79192899630664
73.4,,242.56482926088304,258.62789005800164,246.35062096850015,256.18961071898195
73.5,,241.6993664122756,256.6374561224496,245.3984733308781,253.95230049305994
73.6,,240.82680458461147,256.1164216522559,244.97502769251528,253.76526841620398
73.7,,242.84760173569717,256.6939369870048,246.30362789592243,255.9770877773108
73.8,,242.80146294995316,259.88920186697425,246.28321200398872,254.81623088151326
73.9,,242.78735621345058,257.5749139454307,245.85017729426764,255.68036634377927
74.0,,242.27848127001727,258.89666015346614,245.0819592394723,253.44737428426671
74.1,,242.5646297146879,259.3930510952637,246.32784427672902,255.57236944523117
74.2,,242.58626947735382,258.2293402712326,245.3686642056143,253.97295202610732
74.3,,241.9346766463775,258.48463861700236,245.05808975330245,252.92081316206665
74.4,,241.27593347588592,257.63679936390935,244.46462310907293,255.0840049013805
74.5,,242.12144840567325,258.82353935538094,245.207492229446,253.54312347686246
74.6,,242.4320383188726,256.96520994312465,245.8878601436337,254.64819569578543
74.7,,241.7060419263418,256.9341472634473,244.33895011924076,254.08727726485589
74.8,,242.71416659673213,257.6241685043083,245.49187857610625,256.17372839336406
74.9,,241.98599654005014,257.62242950025484,244.8561360952936,253.8624731653114
75.0,,243.1970383209337,259.1126327699224,245.90369428154912,256.44566409828667
75.1,,242.65001158906992,257.96234752122473,246.4615172394032,255.1343998846533
75.2,,240.77637840067166,257.01532742932994,244.34051372928045,254.69128542457653
75.3,,242.8021825047748,258.25491853645065,245.63121841145426,255.91023156792548
75.4,,241.90607556459466,256.96998113996676,244.52031216099542,253.60541477437127
75.5,,241.58365170921832,258.20347510708785,245.11482440284792,254.95346604391796
75.6,,241.4661953817333,256.4659250463784,244.69037347050758,253.65628935441143
75.7,,241.73005160455304,258.39842850786636,244.85935642473711,253.64492343258834
75.8,,241.9305380648157,257.6337921261455,244.99859040305952,254.13106826088514
75.9,,242.08615301347422,256.87327971066856,246.0997360510384,255.6972513371287
76.0,,241.2408435293499,257.14406874333076,244.30909931185414,254.04279425152836
76.1,,240.78101226426256,255.30778640559134,245.0510726867482,253.1128398671499
76.2,,241.45476696717367,257.71164237640073,243.79009773234154,253.02481938204647
76.3,,241.25755055936705,258.62134736111636,244.18537520347022,253.84848167205178
76.4,,249.8979027823601,265.5366222019209,253.1688566073401,264.68956165700024
76.5,,254.0404811790926,269.9399652184286,257.48403471051654,267.8257548704883
76.6,,257.85831955647046,272.9054440061472,260.0943720522983,269.87465764133657
76.7,,260.31729591305736,277.7718849254265,263.20514486228495,272.72336507350064
76.8,,260.92974018560864,276.79160188135495,264.95019104640113,273.68858049202026
76.9,,262.1306177301325,278.3219894947064,265.49440670200033,274.1695295240916
77.0,,262.0815192907771,277.3098882031459,265.51108782265766,275.9107758549941
77.1,,262.79936062722186,279.00413299057743,265.77444853952625,276.1428782074223
77.2,,261.7962819028152,276.98794138596406,264.37383072146065,275.60240192531353
77.3,,260.7731836380883,275.8689358759738,264.5092792060059,273.8883595519264
77.4,,261.1372320594186,276.1832720904787,264.61820626358553,275.33574433793905
77.5,,259.99669639833604,276.45462272897714,263.6940229217373,273.3721259115278
77.6,,259.27476601042247,275.6673227986448,261.7667414436572,271.1016815579964
77.7,,259.0124645740929,273.89527229546655,263.0767343667379,273.5350785039584
77.8,,258.2415066683208,273.5073992626056,262.7654537293951,272.40510174264165
77.9,,258.8628982941977,275.2562209615805,261.7032991222014,271.0286163352665
78.0,,257.26009525366993,273.60528330710997,260.93033736273026,271.89437053772946
78.1,,257.9511526177834,272.56990968736585,260.68026205222236,269.97763794895815
78.2,,256.2712166402162,272.4475577562275,259.582561323318,270.1759950337762
78.3,,255.37375624864347,269.998519695465,259.094681358656,269.884787107631
78.4,,254.33123180554716,272.16048849877745,258.29338575788915,268.2741473807485
78.5,,255.93144893788516,271.4158874743617,258.984451798745,268.1046893562696
78.6,,255.18107871847033,271.0873066763098,257.70766775693505,266.658969399129
78.7,,254.10487501383835,271.0686645705874,257.2112912760434,265.65380667794744
78.8,,253.86669984991028,275.96538294938637,257.644279039805,268.2455435110399
78.9,,252.75261113137628,277.807141029383,255.92225345934906,265.17379797610084
79.0,,252.53464226322689,277.9696323929692,255.9128448443777,265.0661732232375
79.1,,252.31128129475053,278.09621769937,255.85670155760727,265.73049941752447
79.2,,252.3461707483805,276.0684555363294,255.46012340361415,265.2800919273997
79.3,,251.41732690368363,275.73912001563474,255.0605633723938,264.18883458678107
79.4,,251.61850360454633,275.71437399993,254.99822363008195,264.6196702812441
79.5,,251.0986799355075,273.3439073955483,253.86679045945243,264.01021151426704
79.6,,250.1092350776016,273.30792353171114,254.38323494223326,266.00137108269695
79.7,,249.96977655939054,271.55905483881594,254.53182898075747,263.8445561735902
79.8,,250.14124174578052,271.0596027342425,252.89168551657096,262.7825814775156
79.9,,250.29851377592317,271.41057940615985,253.2072816346216,263.00481648583064
80.0,,249.10330309752499,269.0737509062264,252.57243325871306,263.04758138562244
80.1,,248.23896108501808,266.49431903936966,252.15305159309818,263.0920908934452
80.2,,248.6856928399686,269.3126410306073,252.83132439218357,262.0566771496351
80.3,,248.95673952108797,268.2662521839863,252.74078039344752,261.2754192046241
80.4,,247.97006700516044,266.98711559747693,251.37094317285676,261.9687284809509
80.5,,247.9973971488194,266.60914030009906,251.47866177693064,262.42492041601116
80.6,,247.8700806596985,265.9819129298518,251.9136863115666,261.76231011809125
80.7,,248.57219006656484,267.57279401952496,251.7452382449444,261.03000604073253
80.8,,247.19278632607327,266.0721646835726,250.6760997112018,259.36634936213596
80.9,,248.13337983509984,265.3336752923798,251.27978193887216,260.60690604146436
81.0,,247.20286127218318,265.3638198649986,251.24440906119077,260.65073581923946
81.1,,246.66209153149643,264.8337344438246,250.07522360159683,258.82585052850175
81.2,,247.1319153594127,263.9340704654446,250.6137052222381,259.69877992352275
81.3,,245.95059388386733,264.06484412233783,249.1559346230032,257.6533571632585
81.4,,246.16221758082582,262.78880029564044,250.3266176502367,258.8754857848064
81.5,,245.98096119661415,264.1554673246067,249.33615940890115,258.66543731509586
81.6,,246.19357278456363,263.0588449900214,250.40176284030954,259.91641004916266
81.7,,246.32506137300325,262.95007517055126,249.32913831853273,259.8581088540053
81.8,,244.5230923366793,261.01272436659616,248.22141978141457,258.2521923006846
81.9,,245.42163677245213,262.02320222660484,248.51994095267767,259.0662421880136
82.0,,245.03450175173109,261.40785465366315,248.56942971529753,258.42149630805403
82.1,,245.12133904598934,260.61730379170797,248.3053508331495,258.5305588626961
82.2,,244.7040160658914,262.8529199412413,249.11192107362928,259.3754320740182
82.3,,245.40136752450368,261.9098677196687,247.5386351506314,257.6563162186372
82.4,,245.12915447127648,261.3532670913142,249.05074726954274,257.7146965950917
82.5,,244.0442054368826,259.20781304309475,247.9881849626315,258.56588069746766
82.6,,244.2604377694159,259.411243868573,247.5525518720863,257.5169230781908
82.7,,243.06720348477245,258.75852053625164,246.41551024261776,255.2714765420169
82.8,,244.58290801951907,261.647088767596,248.17807476053815,257.0781248394836
82.9,,244.74173334933727,260.33847829062097,247.2570566951241,257.53922281090956
83.0,,244.77990803622504,261.50360165539644,247.10343406539042,257.2799238779118
83.1,,243.89591339602114,259.9430173115763,247.99175605590503,257.9368664011008
83.2,,244.50353053152384,262.121167955007,247.29031972993414,255.9387771670938
83.3,,244.05196782185072,260.6653675772726,248.10974334501208,258.0713547238161
83.4,,243.875159133202,259.4553348078834,246.74058169431666,258.24152078168197
83.5,,244.3922634779406,260.4098351462516,248.10522006667148,258.32241796296626
83.6,,243.78230782323652,258.2854389281793,247.87215555501533,258.98602409480327
83.7,,245.3270144362338,262.02727407208727,247.7554522179138,256.5471100545929
83.8,,244.1013931997138,259.8547860623569,246.23113247268168,253.9161705743998
83.9,,244.55405330823353,259.2290770544318,247.2525434016962,255.75182683117757
84.0,,243.43135584393946,259.1703016021045,247.07306864261773,257.74203833230234
84.1,,244.03327925366594,258.56784703102744,247.5567458509381,258.6998051194466
84.2,,243.32324415561942,258.8413650801176,246.5924868714181,255.63492407627808
84.3,,243.17899215961972,259.177949446153,247.56095500980987,257.2044326178912
84.4,,244.14254815042906,260.2203950051285,247.4705059183244,257.4136904381916
84.5,,244.06694567261084,259.3098560466767,247.82463905574255,257.3701325749218
84.6,,242.7725418128181,258.91469471200406,247.26024229877055,257.1611058863021
84.7,,243.2988406868569,259.5687780593291,245.91307643181636,255.82385074390177
84.8,,243.79492566065267,259.51815459231085,246.90210978847264,256.69841330323806
84.9,,242.11955557535822,259.11580385568413,246.67146656073137,256.0236942962908
85.0,,243.46846048120892,259.74936798587675,246.63390068291923,257.20528875212665
85.1,,242.782128278263,258.8582349202091,245.9329264481251,256.5078403406828
85.2,,243.98434668540574,260.488202799565,246.70929760471742,255.97125144441546
85.3,,242.59223208479523,260.64886521097105,246.85418508621444,256.9736996214365
85.4,,243.6131230628058,260.4882817290926,246.50123039874674,256.8948358098707
85.5,,243.81636473595887,259.45807531206987,247.02360542977652,256.9525165822017
85.6,,244.1285709553867,258.6307551978227,246.8143076245814,256.51980316936863
85.7,,243.78366788918865,260.54196159716713,247.06298583354172,257.5742065429475
85.8,,242.29885018482886,257.89219105041104,246.36548997050312,255.99387408903993
85.9,,242.6936629409192,259.3045142980131,247.1874513101766,256.68706313029105
86.0,,242.79217668613614,256.85342222461105,248.12231402868326,258.97878480083904
86.1,,243.52848576209664,259.23334436488335,246.1215369674332,256.0823260309252
86.2,,243.01695098574976,258.15531169960025,247.3115955437044,257.27193752164044
86.3,,243.0842322665404,258.0107286279667,245.853901816124,254.665235296257
86.4,,243.7992870972251,261.00656453802793,246.9624477847217,256.7602703114232
86.5,,243.24899396872743,258.5366811331432,246.7425457832543,257.4943890749012
86.6,,243.45619640542066,259.7778327851664,246.63165785323352,257.33321310743713
86.7,,243.2984347270215,259.22951168217935,247.22058895115427,257.37097149548214
86.8,,244.69321197026693,260.3809162322494,247.23935333831398,256.12483097411894
86.9,,243.88250439013538,259.4213263666092,247.68495512816787,259.3667425749917
87.0,,242.07623218380633,257.31593345507446,246.08089379124345,256.1231550606551
87.1,,242.7575875301893,257.50049770398863,245.922086944823,256.1623748799159
87.2,,241.6369967648924,256.56746462393147,246.4912812485006,255.32455247468545
87.3,,242.43726345110218,258.84954350904763,245.795130873878,255.39384951452064
87.4,,243.91828646766353,260.7040385160555,247.0725495104381,257.12829723885915
87.5,,242.3378240290242,257.8493198739239,246.49576531174822,255.38629611435928
87.6,,241.80826212881166,257.19555596537873,244.90253340739517,254.82215943832801
87.7,,241.95017513328867,257.47655334582674,245.45414910574846,254.57351425071352
87.8,,244.23199647879937,259.8635125937453,247.20865899274295,258.5579678927165
87.9,,243.05790779048218,258.72457930291233,246.52006229581755,255.5525537123352
88.0,,242.99214732433416,258.941835216042,246.4302228990881,256.5738630261321
88.1,,243.10870986818,259.59167928885125,246.32840109150936,257.1788132322015
88.2,,242.03067384237124,259.3660197014918,246.32149012181216,255.54506893017978
88.3,,242.9871365169457,257.8554906132353,246.27833752357495,255.3794374869818
88.4,,241.7927450317099,257.93610728635446,245.19389661867925,254.5212900543617
88.5,,242.39351746703497,259.4428364780823,245.5776225788941,256.3525920101986
88.6,,242.8677911361984,258.35685571624174,246.0022890094674,255.60942412357716
88.7,,242.8328863851555,257.04638213479143,246.15804236411952,256.2658911340855
88.8,,243.5076996765074,258.80172070150206,246.8457099328938,257.7384307054358
88.9,,242.06812158158803,256.9103504534848,245.0780374515319,255.08700287078614
89.0,,242.0038238657672,257.6504450522803,245.4462660526116,254.55999648616546
89.1,,241.9104945242376,256.82931361206715,245.04617531059998,253.42441776151395
89.2,,243.15882218440416,258.21141257739583,246.04283466306097,255.5945920487243
89.3,,242.13810326747904,257.6425506987169,246.89421559998107,256.922260485552
89.4,,242.8697127124568,258.00772279153773,246.34866125282284,256.6348232607809
89.5,,241.94633859057674,257.1639474343558,245.06119641988096,253.40418528289598
89.6,,242.44696153795184,259.189689869968,245.30016271404116,254.05806098271563
89.7,,242.35190789279343,257.51308566652483,244.9184946848146,254.5400552184148
89.8,,242.14010845391036,257.4370791312867,245.58790063483352,256.79425403713356
89.9,,242.554164736574,257.0636458083828,245.00546649966478,254.34400566239793
90.0,,241.82505248175477,256.3497139943194,245.58465349024172,256.226484099718
90.1,,242.6330524828247,257.8413633780386,245.3186902184957,256.2832128841097
90.2,,241.97643680698914,257.3789397860556,246.7711040039737,256.9318469548831
90.3,,242.40468798208866,257.90028167069966,245.75282294106867,256.55717948565473
90.4,,241.14610285393837,256.67298099741436,244.16474779825452,252.6262037130357
90.5,,240.99632995437918,256.57710870960375,244.72304827558787,256.1511992615995
90.6,,241.19878418254012,256.911410116306,244.27188214140858,253.48682869781447
90.7,,242.6751489998689,258.26492284923114,245.2412112001023,255.0247709631426
90.8,,242.55090397563683,259.0669427947587,245.10380495791412,255.18654121892558
90.9,,241.93599807074742,257.42456662838373,245.00306725343128,256.60118055768726
91.0,,242.8655181274752,258.15348163496697,245.94443496571176,257.5575513731128
91.1,,242.23427637846862,259.12589690421925,246.02031658239045,256.057473125847
91.2,,241.88539401796626,257.24933935889254,244.77879104697806,255.00352811848256
91.3,,241.6518447169274,256.8649611915421,245.51000217785747,255.66064156531394
91.4,,242.6077964236589,257.9631044329627,245.61458599672733,256.142768098262
91.5,,241.05712323450058,257.82972366790113,244.8508541069001,254.64820466948336
91.6,,240.63191085350272,255.3159113048727,244.18755973799625,253.6151288407167
91.7,,241.14903395658433,258.1617363896798,243.84142024653056,253.01013451895696
91.8,,242.1140152641964,258.5165825206303,244.81591556599028,254.43896641003045
91.9,,240.8327995867964,254.6862819983365,244.45514132247476,253.3835389263649
92.0,,241.5349599670318,258.2316386377844,245.34821736096288,253.77299965081664
92.1,,240.97842573595975,256.981392773944,245.75000486678815,254.9071790467149
92.2,,241.41707279877517,256.32964205877005,245.0062908472444,255.32364084832986
92.3,,241.41925812448642,256.8558347483828,244.40098549462064,254.8366288939966
92.4,,241.57031823864403,256.9459664077223,245.52215847079984,256.17558846307344
92.5,,241.6319557608313,257.3625000714218,245.144126531035,254.18035186305758
92.6,,242.07682549248324,258.0518660163935,244.74924530430204,255.06699671081486
92.7,,242.44007548470213,258.8837773088192,245.03081560292475,255.1223268481887
92.8,,241.16998135579846,256.95770251052,245.4467411810449,253.72795789488617
92.9,,243.56697237636317,258.1105107312345,245.6224872224895,256.4298676752868
93.0,,240.9875964143365,256.7243703247282,244.26022773175438,254.12682206599393
93.1,,242.3231371452346,257.5767432561728,245.71779667804597,256.8349486793034
93.2,,241.95762760074751,257.61390415152493,244.84975208094602,254.28288342248868
93.3,,242.09480068415832,257.6491201183605,245.13622361240215,254.90843345124443
93.4,,242.8924325041986,259.13835310688296,245.92509573727335,256.1403271606138
93.5,,242.85778308028222,258.34770799836525,245.9052448688011,255.257783239992
93.6,,241.70832202673157,256.8816525667034,244.95758942969155,253.63290712899538
93.7,,241.28108641270035,257.4906634794655,245.31979682847336,255.02800647122783
93.8,,241.5285621520623,256.75839798199587,246.03094800230804,255.72883596713646
93.9,,241.23417655132948,255.15806061441813,243.9943976649427,255.29948457313992
94.0,,242.62167370943064,257.9808924989988,245.85994503674945,256.42178337001747
94.1,,240.69529376780946,256.7145731946535,243.83971636927365,253.36869884822514
94.2,,241.6363851084982,257.56551183791294,244.98719668386127,253.4678286044208
94.3,,242.4532584143417,259.28240834764046,245.17832786676055,254.64586207014023
94.4,,241.90904839860443,258.9341231774461,244.4885274139153,253.6720957075892
94.5,,241.8900302611034,258.22535400798716,244.57772029323175,253.16987498476198
94.6,,241.13661072759868,256.367438243538,244.06291456306232,253.94870965756192
94.7,,242.1737276128337,256.98416571216427,245.2236136713591,254.11323211903655
94.8,,241.31221132363808,256.644856386786,245.38680319872321,254.2868701254142
94.9,,241.24612956351987,256.03736472183493,244.64376461293023,254.21924244950688
95.0,,242.1075678867171,256.6128275418613,245.59401858664722,254.0336848622277
95.1,,241.6126503184479,257.4582079400089,244.59308985272912,254.81346181328473
95.2,,241.6454519693487,257.3938371795967,244.58002939773627,255.03505532397887
95.3,,241.77826848804912,256.7061732343586,245.1781040393807,254.83511793569062
95.4,,241.29252575855355,255.97578748019234,245.08151895233203,255.81976766644541
95.5,,241.9412117435224,257.01174870325974,245.49526064849312,255.46450234006747
95.6,,239.32915150778464,255.99763035046817,243.0305541617953,252.43060529461974
95.7,,242.14443360119054,257.0371821108775,245.2487779973649,254.6103862724827
95.8,,241.11955016997828,256.31094381830485,244.495144652693,256.0567539665662
95.9,,240.805686512423,256.6970302145149,244.34738305418904,253.21483025438206
96.0,,240.87099139824514,255.6224080817634,244.7065276390318,252.94973141128796
96.1,,242.0055122091095,257.4966873499814,246.001638265527,255.1885780948322
96.2,,241.39119654487925,261.06030112378573,244.51038755353176,254.84009298516239
96.3,,241.09539242969493,261.6276075607034,244.6502992662732,253.99299049861753
96.4,,241.80371522536,263.48400408540806,244.64596648816425,254.2367418201499
96.5,,241.6278920534842,263.1867048794789,244.90724139122392,253.6758139869107
96.6,,240.41099927124398,261.59975581139963,245.0436260209268,253.977871090265
96.7,,241.12238667265993,261.1063438274087,244.2813882010767,254.00674517857948
96.8,,241.51866349443497,261.1588994604683,245.24049523917228,253.0023929096469
96.9,,241.24673344196984,261.47317775870687,245.0560282302024,253.02346040547496
97.0,,241.75577880017164,261.5960388497375,245.51307172126542,255.6798568098804
97.1,,241.80858253867098,261.31078460751706,245.45473445427714,255.6569450221715
97.2,,241.7767732985096,261.08364678213434,245.79279247560248,255.60091828129242
97.3,,242.28842907581773,260.6397369043764,245.54624990779413,257.0935893246894
97.4,,242.1671862194211,260.1308072883908,245.28925341275644,255.0911691582719
97.5,,242.83725500493262,261.296302400852,244.97550389395687,255.10289012224914
97.6,,242.7192670797725,260.9356256136009,245.71442553866171,256.1737203943715
97.7,,241.23897007776952,259.41886063753725,244.95062545438495,253.33306057297324
97.8,,242.1585222388665,261.8064317082931,245.40604471402617,254.92235727894453
97.9,,241.8085579477256,258.82723513633516,245.6785547777765,255.20935460271025
98.0,,242.02832024852026,259.3088356881882,246.29456493516213,256.2449100235254
98.1,,242.169413010918,258.96079649701613,245.69558158963255,254.24874475829648
98.2,,242.71986323912768,260.7894748165398,246.10639984711923,255.99018288740095
98.3,,241.49981785696122,258.466013030217,245.7501780166917,255.308492574748
98.4,,241.51192654985695,259.01130277853275,246.0719318453796,256.4280306353774
98.5,,241.3907877648612,258.3658136204093,245.66444290757235,255.65537284452742
98.6,,241.3906934685299,258.0031184586068,244.42270795201102,254.3624560582119
98.7,,242.2220387568105,260.0011282183498,245.13532114523514,257.3300594346777
98.8,,242.7458219430353,260.01435493867865,244.82806412308034,256.05492072223484
98.9,,243.05506707753787,259.0351246189555,246.05451003286615,256.0933145861929
99.0,,241.98235296378272,258.83206266919643,245.57750860318055,256.0651376476735
99.1,,242.33190691601195,259.89288770461565,245.80661069275578,255.53351094474877
99.2,,241.56461405874205,256.7841921904328,246.04457417692998,256.1978999226252
99.3,,242.93765558902385,260.1056848873261,246.28125089447104,255.78896014324556
99.4,,242.30909728134216,258.9108039990213,245.65453409281673,256.5063998197715
99.5,,241.9111747069733,257.43708788233664,245.74475719985531,256.3374556265781
99.6,,243.37186635189732,258.66113061357476,246.21294217132169,254.88937024732272
99.7,,242.27209021767314,258.0216745335475,245.48984986577975,253.8860638503587
99.8,,242.59903589875051,258.77083887167095,245.50684236123584,254.94771183372634
99.9,,241.19547746642357,256.6587409249391,244.9044361313137,255.28752722590403
100.0,,242.6340095198972,259.21021463927406,247.06920945482344,256.55184734965445
100.1,,242.8845917266558,259.2704673610306,246.1721222398569,255.709110687403
100.2,,241.19773590992793,256.92472803878076,245.23220633209147,254.60484779086772
100.3,,242.0687651155048,258.2453046224106,245.55576737062196,255.76276866220311
100.4,,242.98663913369805,258.415136595342,245.55205407306946,255.86965100285192
100.5,,242.15213303810532,257.84832923250775,245.3242764740029,254.06305518010853
100.6,,241.91671412135983,258.8817385538683,245.3213765660447,255.83893073403468
100.7,,243.378611901151,260.75706531849636,246.2472570366443,254.51292850437224
100.8,,241.57847426015886,257.17731337466165,245.7879402851724,256.70676900469266
100.9,,242.70367357408088,259.33800960429,246.54522318923125,256.2723276340357
101.0,,242.8603921009937,259.0642605225611,245.88243257608283,254.47534839575027
101.1,,242.91529114765615,259.44310270305397,245.74063232395125,256.66985223151306
101.2,,242.3879379768146,259.50995985327796,245.62007151400027,256.2432249289504
101.3,,242.07798800568673,258.0351552164758,246.31594602311327,256.11605065832373
101.4,,241.7130771133208,258.244403623792,245.5580421418693,255.90336760849206
101.5,,243.52413198316606,259.47932667831225,247.12350883571088,257.9192950770075
101.6,,243.67922675116404,259.21227457203213,247.12191538955065,258.23354257318675
101.7,,242.83779980718532,258.1771686362684,245.66590889447696,255.98587213249442
101.8,,242.56590350872082,258.4170582872441,246.10224216537887,255.55637834544106
101.9,,242.71098236046683,258.11310044863865,245.22728121215803,254.24903335483927
102.0,,243.08232874865402,259.6401083162032,245.9932664588805,255.4744541962949
102.1,,242.18181300700192,257.51157329566155,246.32318682131526,256.1400810636177
102.2,,242.8594949003995,259.13655997916476,246.86004467803485,259.03714161074254
102.3,,242.80303725774,257.870522844727,245.87876674709767,254.73760037476043
102.4,,243.48299386317058,259.31182999270163,246.6841534634152,257.268428932184
102.5,,243.69892495183404,260.3011188547026,245.96200275951358,254.8629277765562
102.6,,244.3673432712099,260.39073637224953,246.9446555551487,255.6088325290374
102.7,,243.03765428110597,258.70333101645,246.93393094340541,256.716420796826
102.8,,243.6530427411681,259.36363570609007,246.81347841137068,256.79621375951916
102.9,,242.8429709463968,258.7318622716067,246.5195244703915,256.46478369449596
103.0,,242.88693551378992,258.65403982572684,245.82166605129183,256.13830915589773
103.1,,243.38378457117025,259.6075639781016,246.3087585991301,256.90986640102074
103.2,,243.2303212050237,259.91427939772905,246.43346961143303,254.49939739556226
103.3,,243.73771043231747,259.64406360495843,246.83085172064887,257.9603745241129
103.4,,242.6449189503566,258.7145751163332,246.28264154040525,257.5156517476476
103.5,,244.32418609432997,261.0563315149559,246.9783056304032,257.0310595543972
103.6,,244.30502195182157,259.36055508611156,247.49823690005854,258.1647518118184
103.7,,242.9095952825978,258.6713700262754,246.72301925889911,256.81370373378974
103.8,,243.35576400518525,258.8487640100158,246.52312311002947,255.68229036357786
103.9,,244.24407326264466,257.9173750018557,247.2572672766843,257.14444883769323
104.0,,242.12652218107863,257.63404674211176,246.67849380476525,255.26017439211904
104.1,,243.49007845766994,259.9044142601475,246.87751407834534,257.66455865091064
104.2,,243.85556231435646,258.7618294011506,246.64734492708217,256.695963610897
104.3,,243.9182089192378,258.3512231257958,247.11747750651938,256.0437592175024
104.4,,244.30299656726316,259.2882005151635,246.84319391132098,256.39691885114775
104.5,,242.7165936254458,259.41480566653195,246.68462737314795,256.30043390936567
104.6,,243.8657516740776,259.63044527311104,248.02998197123927,257.6674775190134
104.7,,243.63742074158495,260.3197662737823,247.28737695707702,256.60977952895036
104.8,,243.67617568327552,260.1893388887718,246.69038061836628,256.37163269871655
104.9,,243.22298633678076,259.64716906578184,246.91344772750094,256.0311781411869
105.0,,243.30613090899854,259.2454926355395,246.98995814607756,255.56151479390667
105.1,,242.44543048775688,257.27195135933226,246.3864185732,255.7053252764997
105.2,,243.47604964762908,259.62595215452114,247.18209861423995,256.7158456762608
105.3,,243.32738462969996,258.65594573677623,246.72745366738854,256.07036918308046
105.4,,243.26524161625903,259.4008058845096,246.81770860201877,257.23203202842933
105.5,,245.00202582574616,260.58018144302815,248.10292589958104,257.43883515419327
105.6,,243.5863982981683,259.09016602367615,248.1422054029498,258.5410243447367
105.7,,243.4922965395106,259.8644136890134,246.7934140100343,257.762212820715
105.8,,243.37214266810525,259.843615202178,246.59394140068392,257.4619958358693
105.9,,243.36305271488894,259.044819166891,246.13075294805375,255.14865165021186
106.0,,243.81285805654278,258.5995456030739,247.4075872191425,258.1057944942489
106.1,,243.252860095417,259.46854300954215,247.4542839580608,257.3226850503312
106.2,,243.51855549275035,258.9333507264111,247.42851259879728,258.4966210425218
106.3,,244.02284579342276,260.50377094912346,247.58150299009145,256.9349923380348
106.4,,243.17935395886525,258.30322775838437,247.24972249196347,256.9083153768333
106.5,,243.41474930656886,258.49884490720495,247.95186011478336,256.9364408127998
106.6,,245.6549502539124,260.82118070094685,248.44776672648908,259.0554775576855
106.7,,244.2675134894302,259.7870204787654,247.42993661688377,257.84082791002044
106.8,,243.70620200990902,258.45901726872637,247.3111727572525,258.0667928037309
106.9,,244.2708585500272,258.2186115536354,247.39917002879972,256.87967049628173
107.0,,244.13573910498712,258.34935538733066,247.48256704125197,257.8334330984097
107.1,,244.2021473785382,259.6804201690087,248.15300285393081,259.44676390636243
107.2,,244.56077205096662,260.122641947416,247.2085179576342,255.83809683740304
107.3,,244.40352313361797,260.3389957471744,247.51443756755972,259.7761323066652
107.4,,244.60604741117368,261.9623506258996,246.51432785950558,256.41522354655285
107.5,,244.4499430124624,260.35808669679597,247.222573810988,257.2349500070419
107.6,,243.7139684186434,259.6313269657223,247.42805353309924,258.2173619587792
107.7,,244.03382549111848,258.4888470333482,247.97500239510256,259.4257873310998
107.8,,242.6601420975465,258.5679472002771,246.2558706046411,254.94043575537802
107.9,,242.96794610308606,257.51030028431217,247.5440412533147,271.3114075475293
108.0,,244.74656039362006,261.0796277495798,247.1522313108371,275.82204623901856
108.1,,243.7490173427393,259.72019943321857,248.6446360796854,278.52459696739345
108.2,,243.09708160478368,259.0759991521115,246.1275593756934,276.4479760933078
108.3,,244.18030507794757,259.77405217686817,246.53833178687933,276.7736222426115
108.4,,243.92807452776367,259.1741016199218,247.92451517610564,274.2849685139702
108.5,,244.7831548749646,260.4190937818695,247.3075624928086,272.8044022871884
108.6,,243.92391032674078,260.6370377806239,248.25885680601775,272.2865449554521
108.7,,244.82162026858,260.45388537904716,247.5558578993928,270.33472129592224
108.8,,243.82943930132782,260.96220985441835,247.091472873145,268.0132091135239
108.9,,244.07910267967193,259.70811139501467,246.80735102300736,267.01990576690883
109.0,,243.97876115929859,259.50235460990984,247.70643785986726,267.4051329164166
109.1,,243.57468613091783,259.6567654490583,246.9701536026617,264.21929299702066
109.2,,243.5343122025993,260.28977147724305,246.22914651413126,265.80159748199884
109.3,,244.05804812698014,259.00514494571826,247.4411267891715,265.2705050165689
109.4,,243.65411743675446,260.0934782697976,245.59306578055416,262.58294830209985
109.5,,244.62823031221555,261.0600770175583,247.4029287834885,264.2129730053202
109.6,,244.27754760847847,259.39666118465686,247.31463104477135,262.74548683761736
109.7,,243.5251642740647,258.8276281254529,247.17810820460176,264.307858582986
109.8,,243.8772910384605,260.16368336816413,247.84186369383357,262.8248177038491
109.9,,244.1944105641669,259.8437880271879,247.75282860109323,262.4791210122672
110.0,,244.2992262722183,260.54284851364247,248.08808187858034,264.2159957072974
110.1,,243.6076531263197,259.2775170991611,248.23923882984812,259.79003811877084
110.2,,244.53962737210352,260.90007019639893,247.9596578845249,260.9016160088877
110.3,,243.91042401939777,259.43211755406793,247.11043527303488,259.9502184883304
110.4,,244.81553435862125,260.9628730317617,248.00802067928188,259.90274211193037
110.5,,244.78932830002796,260.1221498490005,248.1303348310098,260.2999518786339
110.6,,244.1622828409229,259.5379683406363,247.9367851190024,260.7894750572537
110.7,,243.61364303775503,259.0024433792449,247.54484211086032,259.9757191781766
110.8,,244.5005753309655,260.35921851299145,247.78967990242523,258.96091876429574
110.9,,243.79143630011984,258.9967149347042,247.38817698524636,259.2561643952198
111.0,,244.1197377978033,259.5948245119274,246.91173990295033,259.2694254448945
111.1,,244.5191726269521,259.4635934657862,247.9504706433128,258.0367883078092
111.2,,243.54523166214807,258.6049183504967,247.6728005764897,259.2801701457845
111.3,,243.89999993628544,259.75325353616995,247.13690244061047,258.3318378287526
111.4,,243.45678775592322,258.5975084590716,248.0557895481839,258.88481374324266
111.5,,245.50279155616863,260.487527744253,248.3725489192902,260.4900882140454
111.6,,244.56386172692254,259.6575707223183,247.13138030929895,257.94211729649425
111.7,,245.10293247348488,261.3471717911918,248.18097067577028,259.4057929741891
111.8,,243.4117500098501,258.82420324929166,246.79141594578996,256.0968888813342
111.9,,244.18221882039924,258.6515029558885,248.04581104893674,258.96994565864014
112.0,,244.61517424604554,260.1242453680676,248.50676916667263,260.2861711775978
112.1,,244.63280078467105,261.24775636492603,248.8513847479019,260.0995189279478
112.2,,245.51127831896534,262.6895948575128,248.34571253284903,260.83355429174935
112.3,,245.32139900956895,260.7925761181012,248.1735976287389,260.6336030020042
112.4,,244.49924417853452,260.275238432202,248.0381760255569,258.1935194215053
112.5,,244.80301421265838,260.5719926469807,247.85424122447262,258.0611898927778
112.6,,244.26989682437332,261.15313844146544,247.90697183668732,258.4376715033263
112.7,,245.72783039888043,260.80502875685744,248.71779448671546,259.9436445240503
112.8,,244.1303018359738,259.91972158731454,247.28830532498532,257.79465648715865
112.9,,244.22981577514142,259.23268970535895,246.95104679294792,258.68501692832086
113.0,,245.02626290271678,259.91992849796674,248.07118402451303,258.51969837996745
113.1,,243.72686637607748,258.06154364215547,247.87153683143052,257.7960282127477
113.2,,243.64793931085816,257.97980414999864,246.98953915829657,255.7425126942436
113.3,,243.38408137936435,258.7517177820723,247.6847180305964,256.2782262930388
113.4,,244.38014024835553,259.8811840894531,247.8948165095778,258.9180520432222
113.5,,244.63893943814716,258.96894581181573,247.7287214140397,256.994488816007
113.6,,243.67596113800792,259.94701481024845,247.49513351894862,256.45995390912
113.7,,244.60859732317095,260.6570382346207,248.230343708786,258.9013998961871
113.8,,243.44034640005913,260.12719368407426,246.83833875295036,256.7323320883215
113.9,,244.14913645875697,259.80290692144206,247.9927867002357,259.3110626552993
114.0,,242.84081069288084,257.8425185134214,246.99495028349537,255.31079774227013
114.1,,244.29089032063237,260.2161007969752,246.85043300220426,255.99006649948333
114.2,,243.8472123820476,259.3725438103174,247.60121829685434,258.2753991226754
114.3,,244.7479330297404,260.1849940759425,248.08435805880052,258.3032192595928
114.4,,244.9104223278761,261.0315105156568,248.94853220810774,259.4153966785315
114.5,,244.40980202183292,261.09894222145164,247.04777818228,256.78449007458545
114.6,,243.26223357282535,258.9521946252847,246.81212942604157,256.43888013162757
114.7,,244.4583362562244,259.25415960306213,247.67274825736894,256.5051094807569
114.8,,244.18463852386526,260.18142766639403,247.45960488623,258.5062067035893
114.9,,243.55993102281067,259.94765497432434,246.61992650381214,257.13295749858906
115.0,,243.97342259316437,260.885420481146,247.15371426716982,257.67965069395564
115.1,,244.3026531266136,259.4259508735008,247.7091361605758,257.1044142497899
115.2,,244.10776987046268,260.05140075494745,247.80804922745924,257.01879926122206
115.3,,244.3375616339621,258.9031754623785,247.42543221054555,257.1346921892254
115.4,,243.2818140108811,260.3559295324891,248.19122244323592,257.28766529356835
115.5,,244.7281824131029,259.2425308052559,247.87026235938248,258.71631629826635
115.6,,244.49512589912257,259.36845443898983,247.20754646138363,256.6897612639272
115.7,,244.42455324859614,259.925055181262,247.57587648334743,257.89276337530214
115.8,,243.3812672215473,260.0483205621679,246.1508965892972,255.38658464859714
115.9,,244.26352737467258,259.00606176214245,246.93795014177897,257.35691707810884
116.0,,243.61749871559283,258.6769139786157,247.85865831981073,257.36076598874655
116.1,,242.94415605584354,258.88807146109116,245.25697239195998,254.96811255912615
116.2,,244.79226405978983,260.30676117600905,247.90016794103119,256.86139241328164
116.3,,243.84616686532414,257.9505245490963,247.21424399616453,257.50220482248284
116.4,,243.19104060182107,259.74110155806875,246.96002642008477,257.1478832694957
116.5,,244.15958844973827,261.2782077589268,247.288594140185,257.30638688714765
116.6,,243.5822382754753,260.6362858539147,247.5008943489174,258.3882124882949
116.7,,245.028727032025,261.1608081945231,247.85695528315043,256.6753747617364
116.8,,243.8341174851964,260.896565775611,248.14051428787081,257.17765783350336
116.9,,243.23496716971505,258.61327194692757,247.44705936731762,256.9294934905855
117.0,,243.93076799462673,259.1882262304939,247.99743145541132,258.71617269207394
117.1,,243.7950975365013,261.06717990467996,247.06882967758037,255.7169275740164
117.2,,244.149011465807,260.5051534702639,248.7975564078543,257.1795174538202
117.3,,243.96523549748628,260.40452016669826,247.94703574840588,257.8331601267518
117.4,,243.68341337642514,260.7098087765769,247.3732828521351,258.04238530872186
117.5,,244.33780054050638,260.14543442430767,248.85171558215265,258.1527316562257
117.6,,245.3900052886666,261.1588775131586,248.62490444450162,258.9391625013691
117.7,,244.95828184093114,261.7199559550056,247.7543816869333,257.5485487808677
117.8,,244.74120418299182,261.1991298003776,247.73445055516075,256.2133527403547
117.9,,244.38338066513526,260.59368734971844,247.50081924038508,257.6629664413018
118.0,,244.549195275683,260.7059666496825,248.30246242348957,258.2898242645305
118.1,,245.59941372570594,260.5270844557278,248.68782884457465,257.5624803761193
118.2,,244.8144329821741,260.926821339811,247.99739470322265,257.3120559467628
118.3,,245.84498325800027,261.48354136767,248.67706129009377,257.23558299809014
118.4,,244.55924944762833,260.90372536522256,247.89423235410942,258.1498660374279
118.5,,245.15182098880064,261.094308696894,247.89346552078266,257.72688532546385
118.6,,245.05892919303977,260.37449946138975,247.8992919729707,256.75259844602465
118.7,,244.90094497405738,260.7100175155088,248.2867288902032,257.63791722157396
118.8,,245.7896382974739,262.0971825466353,248.96464807152856,258.6332150290757
118.9,,244.6158463475538,260.2628618397195,248.6628535729348,259.52943338475177
119.0,,245.99424674972738,262.34195046102906,248.61491773105584,257.3892466791566
119.1,,244.91036899394004,258.9682394029909,248.56890952556785,259.14886713843714
119.2,,245.07983580553352,261.44684935865985,248.58547322288973,257.4176156634646
119.3,,244.61143562292025,260.9857335165619,248.194003073098,258.7498840468553
119.4,,245.22431635666717,260.87114830150716,248.1560426431934,256.92400797166266
119.5,,245.41536438025608,259.9898299134115,248.75716297084597,258.1355948253794
119.6,,244.70472362677975,261.1802670365181,248.83809659313425,258.09693720165694
119.7,,246.0267796897312,261.16320885586197,249.13479402617295,258.4708099991876
119.8,,244.9787873640107,262.0128965255994,247.90116555877233,258.05048270122745
119.9,,245.75598894781885,263.70590799376276,249.23802514845264,259.329898294167
